,android_developer_jds,biotech_jds,chartered_accounting_jds,civil_jds,communications_jds,data_scientist_jds,graphics_desginer_jds,hotel_management_jds,journalism_jds,manufacturing_jds,marketing_and_sales_jds,pharmaceutical_jds,physician_jds,research_jds,software_developer_jds,teaching_jds,web_dev_jds
abap consultant,,1,,,,,,,,,,,,,,,
abs,,,,,,,,,1,,,,,,,,
account management,,3,1,,6,4,1,10,6,3,13,10,1,2,,1,4
accounting,1,47,586,6,22,25,2,48,27,44,9,13,2,32,2,3,3
accounts,6,62,310,13,52,11,5,78,47,71,63,44,32,28,4,14,7
ad,13,4,22,,40,48,20,7,30,4,26,7,7,16,4,1,9
adaptability,1,3,3,,13,1,2,8,4,2,5,8,6,9,4,,
administrative,,23,12,12,25,8,4,75,12,9,10,25,30,35,1,21,6
adobe,4,6,,6,27,17,297,,38,4,7,3,2,6,14,2,39
adobe analytics,,,,,1,5,,,1,,1,,,,1,,1
adobe illustrator,1,,,1,,1,42,,3,,,,,,3,,2
adobe indesign,,,,,1,,6,,,,,,,,,,1
adobe photoshop,,,,2,3,,43,,4,,,,,,2,,5
adonet,,,,,,,,,,,,,2,,15,,10
advertising,2,37,5,1,98,24,67,11,121,2,88,4,3,15,6,4,12
after effect,,,,,,,1,,,,,,,,,,
after effects,,,,,1,,18,,4,,,,,,,,
agile methodologies,4,,,,3,2,,,,2,1,,4,1,3,,2
ajax,27,,,,5,6,4,1,2,1,,,1,2,90,,232
algorithms,49,7,,,13,228,,,1,5,1,3,8,15,54,,43
analysis,43,168,187,88,160,488,7,58,78,146,96,147,58,320,116,18,83
analytics,31,68,47,2,99,466,4,8,66,22,51,36,7,76,37,4,43
android,918,2,1,,8,4,6,4,10,2,9,2,2,5,51,3,98
android developer,227,,,,,,,,3,,,,,,2,,12
android development,63,,,,,,,,,,,,,,4,,6
angular,28,,,,6,2,1,1,3,1,,,1,3,113,2,92
angular js,6,,,,2,,,,,,,,,,25,,20
angularjs,16,3,,,5,5,,,,,,1,4,2,51,,86
animation,19,1,1,,3,,43,,18,,1,,,2,4,6,17
apache,3,3,,,7,33,,,3,3,,1,,4,55,,47
apache server,,,,,,,,,,,,,,,1,,1
application architecture,1,,,,,3,,,,,1,,,,4,,4
application implementation,,,,,,1,,,,,,,,,,,1
apps,254,3,2,,21,20,17,7,22,4,8,3,7,6,32,2,108
arabic,,,,,1,,,,1,,,,,2,,1,
architectural design,,,,,,,,,,,,,,,1,,1
architecture,78,11,13,24,31,85,4,6,14,16,11,10,17,14,109,7,141
army,,,,1,1,,,,,3,1,,,,,1,1
article writing,,,,,,,,,1,,,,,1,,,
asp,1,,,1,1,,,,,3,,,,,30,1,24
aspnet,13,,,,6,1,1,,,3,2,,5,5,123,1,103
atl,,,,1,4,,1,1,1,1,6,,,1,,,
auto cad,,,,33,1,,1,,1,5,,,,,,,
autocad,,,,123,1,1,5,1,1,25,,2,,2,,1,
autodesk inventor,,,,,,,,,,1,,,,,,,
automation,12,22,27,3,35,81,1,5,7,47,33,8,14,18,41,1,35
automotive,4,2,4,3,8,13,,1,1,27,1,7,1,8,2,1,1
aws,9,9,,,3,44,1,,3,1,2,2,,3,50,2,43
banner designing,,,,,,,1,,,,,,,,,,
basic electronics,,,,,,,,,,,,,,,1,,
basic html,,,,,,,1,,4,,,,1,,,,
bdm,,,,1,,1,,2,,,7,,1,,,,1
bi,2,1,3,1,3,67,,,,3,2,7,,1,4,,5
big data,3,1,2,,9,184,,,2,3,3,4,1,8,22,,10
bioinformatics,,18,,,3,9,,,,,1,7,1,17,,2,
blogging,,,,,10,,,,19,,2,1,,2,,1,8
bootstrap,12,1,,,6,4,10,,5,,,,,2,51,3,118
brand development,,,,,2,,1,,,,3,,,,,,
brand management,,,,,4,1,,,5,1,10,2,,,,,1
brand promotion,,2,,,3,,1,,2,,4,,,,,,
brand strategy,,,,,2,,,2,6,,2,,,,,,
branding,,7,,1,49,,67,7,49,3,33,4,2,3,5,1,12
btl,,,,1,3,,1,1,2,1,10,,,,,,
business analysis,,4,3,,5,16,1,2,,,2,4,1,1,1,,3
business analyst,1,,4,,10,23,,,1,,2,2,4,4,1,1,4
business consulting,,,,,,4,,,,,,,,1,,,2
business continuity,,,1,1,,1,,,,,,1,1,,2,,
business development,2,74,3,15,38,16,2,37,20,12,145,34,12,16,2,6,9
business intelligence,2,26,3,,5,58,,2,23,2,,3,,7,2,,3
business management,1,5,1,,4,2,,5,1,,5,2,3,4,,1,1
business planning,,3,6,,5,6,,2,,,3,2,1,1,,1,1
business strategy,,,5,3,6,7,1,8,,1,7,2,1,3,,,
business studies,,,,,,1,,1,,,,,,1,,2,
c,60,30,29,14,34,44,3,23,9,27,14,21,7,33,45,16,26
c programming,3,,,,2,,,,,1,,,,,2,,
c#,35,1,,4,6,10,,,,9,1,,10,4,138,1,98
c++,46,1,,1,11,66,,,,8,,1,5,7,53,6,15
cad,,3,,91,3,2,8,,3,36,2,,1,4,1,2,2
catia,,1,,4,,1,,,,16,,,,2,,,
ccna,,,,,1,1,,,,4,,,1,,,4,
ccs,,1,,1,2,,,,3,,,,3,2,,2,
civil,,4,8,774,11,11,2,12,9,5,4,4,2,22,2,13,4
client servicing,1,5,,,2,,2,2,9,1,3,,1,2,,1,
cloud computing,1,1,1,,2,14,2,,4,,2,,,1,6,1,19
codeigniter,1,,,,2,,,,,,,,,,15,1,75
coding,100,20,3,1,15,50,4,2,7,10,2,15,60,20,131,1,175
commitment,51,37,33,10,38,47,9,39,35,20,19,23,44,43,31,26,27
communication,208,270,253,187,794,459,179,355,534,253,412,278,190,402,304,294,285
communication skills,57,105,103,44,291,210,40,128,147,83,93,106,61,151,80,74,110
computer vision,,1,,,,20,,,,1,,,,5,8,,
confidence,2,6,12,4,22,18,6,16,7,9,13,11,20,11,6,10,2
consultancy,3,39,17,17,14,7,2,12,29,2,8,12,7,15,2,6,14
consulting,12,102,48,16,48,106,6,17,54,20,24,28,17,63,25,1,53
content creation,1,1,,,22,,4,,35,1,4,,,2,2,2,5
content editing,,2,,,,,,,6,,,,,,,,2
content marketing,,,,,20,2,2,,62,,5,,1,1,1,,1
content writing,,23,1,1,21,1,2,,112,,4,,3,2,1,3,5
control,50,136,153,123,46,82,8,135,21,213,27,104,64,32,59,16,102
copywriting,,1,,2,19,,7,,54,1,6,,1,4,,,1
core java,37,2,,,,5,,1,3,,,1,1,,54,,15
core php,,,,,,,,,,,,,,,1,,32
corel draw,,,,,1,,52,,,,,1,,1,1,,7
coreldraw,,2,,,,,74,,5,2,,2,,2,1,2,6
corporate communication,,1,,,11,,2,,11,,4,,,,,,1
creative,46,26,15,11,169,106,393,29,277,25,109,25,15,67,28,53,122
creative thinker,1,,,,6,,2,,12,1,2,1,,1,,,2
creative writing,,,,,5,,,,23,,1,,,,,,
creativity,13,13,6,3,30,30,66,30,61,15,18,9,2,14,12,15,21
credit,2,30,52,5,21,54,1,40,29,7,6,9,4,23,6,1,3
crisis management,,,,,3,,,,3,,,,,2,,,1
crm,5,27,2,2,19,27,2,12,13,3,55,13,6,10,16,1,28
cryptography,,,,,1,,,,,,,,,,1,,1
cs,19,5,10,1,5,23,11,1,3,2,1,3,2,2,29,6,8
css,93,5,2,1,24,15,62,,15,3,4,,6,9,197,7,458
cultural exchange,,,,,,,,,,,,,,,,,1
customer analytics,,,,,,2,,,,,,,,,1,,1
customer service,1,42,9,2,40,17,7,96,34,16,24,15,39,15,5,,7
data analysis,1,11,7,3,18,121,,1,9,4,8,8,,37,4,,1
data base,,2,4,5,1,4,,4,,4,3,2,,2,2,3,5
data mining,,1,2,,4,125,,2,2,1,4,,1,10,2,1,3
data science,,3,1,,1,138,,2,,,,3,2,6,1,,1
data security,1,,,,2,2,,,,,,,,,2,,1
data structures,30,,,,2,26,,,,3,,,6,1,17,,22
data warehousing,,2,2,,1,24,,,,,,1,1,2,,,4
database,118,64,15,9,63,178,4,32,54,25,64,43,45,93,180,9,242
dbms,1,1,,,,2,,,,,,,,,6,,8
debit,,,7,,,2,,3,,1,,,1,1,,1,
decision making,2,12,20,3,13,38,,13,5,15,6,18,20,18,5,2,1
deep learning,,,,,1,71,,,,1,,,,2,4,,2
defence,,3,,,4,2,,1,,2,2,2,,3,,,
delivery management,1,,,,2,1,,,,1,,1,,,,,
design,583,86,39,213,200,350,680,36,192,207,85,69,70,127,411,47,583
detailoriented,1,3,4,2,17,7,6,6,42,,6,2,3,18,2,2,7
developer,465,11,1,4,28,37,12,1,60,1,7,5,8,4,307,6,475
dfd,1,,,,,,,,,,,,,,1,,
digital,26,13,12,6,207,106,138,12,268,39,116,12,20,53,37,23,73
digital advertising,,,,,10,1,2,,5,,,1,,1,1,,
digital marketing,3,4,1,,72,9,30,2,92,1,54,1,5,4,8,3,18
digital strategy,,,,,,,,,1,,3,,,3,,,
digital testing,,,,,,,,,1,,,,,,,,
django,2,,,,1,3,,,,,,,,,8,,19
dreamweaver,1,,,,7,,75,,2,,,,1,,2,1,23
drupal,3,1,,,1,4,2,,2,,,,,2,13,1,66
editing,,36,,,91,2,85,10,339,4,11,5,4,33,2,18,21
efiling,,,4,,,,,,,,,,,,,,
ehr,,1,,,,7,,,,,,1,7,,,,
emberjs,1,,,,1,,,,,,,,,,,,6
employer branding,,,,,1,,,,,,,,,1,,,
emv,,,,1,,,,,,,,,,,,,
engineer,35,25,2,275,30,68,2,7,9,176,11,6,16,20,113,6,45
engineering,101,169,25,378,72,279,7,36,73,290,57,62,33,112,133,27,110
english,69,122,98,134,266,78,173,208,571,161,245,176,78,217,74,457,120
enjoy,13,4,4,3,18,33,7,38,28,7,9,8,3,19,11,10,15
entity framework,,,,,,,,,,,,,,,8,,9
entrepreneurship,2,1,1,1,,1,,,1,2,1,,1,5,,10,
equity research,1,,,,1,1,,,,,,1,,18,,,2
erp,4,20,79,8,7,13,2,5,5,52,12,11,,3,19,7,20
es,3,,,1,,1,,1,1,,,,,2,11,1,8
event management,,,,,10,2,2,11,6,,8,,,2,1,1,1
event organization,,,,,,,,,,,1,,,,,,
excel,5,62,151,44,109,217,19,64,84,82,50,63,22,186,12,24,16
express,1,1,3,6,18,10,7,8,16,2,5,2,2,10,9,1,9
expressjs,,,,,1,,1,,,,,,,,2,,12
facebook,22,5,2,3,101,10,24,3,78,3,28,4,,5,7,,53
facilitator,,,,1,,1,,1,,,1,,,1,,5,1
fast learner,1,,1,3,2,1,,,,,1,1,,,3,,1
fighting,,1,,5,,3,,,,1,,1,,,,,
finance,4,61,368,7,39,79,1,51,49,58,30,26,4,84,11,8,6
financial management,,1,20,2,2,1,,6,,,2,,,3,,,
financial planning,,,27,,,2,,1,3,3,6,,,4,,,
financial research,,,,,1,,,,,,,,,4,,,
flash,2,,3,,5,3,62,3,6,2,1,1,,2,5,3,25
flask,,,,,,2,,,,,,,,,2,,9
flexibility,10,5,16,4,38,39,18,32,23,15,11,17,8,22,16,9,22
flexible,28,81,28,17,60,56,23,43,36,28,30,38,30,68,35,17,24
foreign languages,,1,,,1,,,1,,,,,,,,1,
frontend developer,,,,,,,,,1,,,,,,1,,1
game development,1,,,,,,,,1,,,,,,1,,1
gaming,2,,,,3,4,2,1,10,,,,,1,4,,2
genetics,1,8,1,,4,16,,2,1,2,4,4,3,20,1,,1
genomics,,4,,,,1,,,,,,2,,5,,,
git,98,4,,1,7,15,1,1,5,1,1,1,1,1,56,,99
good communication,42,53,42,49,101,48,27,74,45,53,69,56,30,45,63,82,51
good listener,,,,,1,,,,,,,,,,,,
good negotiator,,,1,,2,,,,,,1,,,,,,
google analytics,1,,,,10,12,,,11,1,7,,1,,2,1,4
graphics,15,2,,1,13,6,296,1,31,4,5,3,1,5,6,5,34
hadoop,,,,,3,155,,1,,,,2,1,3,11,,4
handling pressure,1,,,,,,,,,,,,,,,,
hard working,1,7,4,1,5,,2,,1,,3,1,,2,2,1,2
hardware,19,23,3,7,19,9,1,9,26,32,18,3,6,8,23,6,9
hardworking,3,4,4,2,14,3,9,5,3,5,17,4,,8,7,11,8
hindi,8,24,18,65,58,6,57,87,62,62,86,68,26,45,11,94,12
hootsuite,,,,,4,,,,3,,1,,,,,,
hr management,,,,,1,,,,,,,,,,,,
html,125,2,1,1,50,15,90,2,37,5,12,2,13,8,251,11,509
html css,6,,,,4,4,9,1,3,,3,,1,,15,,37
human resources,2,4,6,2,10,5,,29,4,9,2,,2,4,,4,
humour,,,,,3,,,2,4,,,1,,,,1,
iis server,,,,,,,,,,,,,,,,,1
illustrator,3,2,,1,15,2,429,,14,1,,1,,,7,2,32
induction,,12,,,3,1,,7,1,3,4,6,2,2,1,4,
informatica,,,,,1,9,,,,1,,3,,1,2,,2
information security,1,,6,,4,2,,,2,1,2,,1,4,3,,1
inkscape,,,,,,,2,,,,,,,,,,
integration,195,22,20,7,36,71,3,5,14,28,11,11,12,10,107,3,211
intellectual property,,8,,1,1,1,,,,1,,1,3,7,1,,
interior design,,,,5,,,2,,,,1,,,,,,1
internet marketing,,,,,14,1,1,,8,,7,,,1,3,,11
inventory management,,2,3,1,,2,,13,,9,3,5,3,1,,,1
ionic,29,,,,3,,,,,,,,,,4,,7
ios,168,1,1,,8,3,3,,7,5,4,,2,3,34,3,68
ios development,3,,,,,,,,3,,,,,,1,,2
it,164,149,121,73,210,305,84,205,247,171,182,128,128,214,233,85,284
itil,,2,,,4,6,,1,1,3,,3,2,3,,,
java,463,10,,1,19,142,8,1,6,11,3,9,13,19,511,13,173
java android,7,,,,,,,,,,,,,,,,
java basics,4,,,,,,,,,,,,,,,,
java script,3,,,,,,1,,3,,1,,,,18,,17
java swing,,,,,,,,,,,,,,,1,,
javascript,110,2,,2,18,33,22,4,11,5,2,2,10,7,249,5,463
jee,28,,,,4,3,,,3,1,1,2,4,3,129,9,26
jira,9,1,,1,3,2,1,,8,6,,2,3,,22,1,19
jmeter,,,,,,,,,,1,,,,,3,,1
joomla,2,,,,1,,5,,3,,,,,1,14,,71
jquery,61,1,,,7,7,14,1,1,1,1,,5,2,179,4,346
js,25,,1,,8,5,3,,,,1,,6,1,86,2,107
json,283,,,,6,6,2,1,3,1,1,1,1,1,61,,144
lamp,6,,,,5,,1,,,1,,,,,8,,42
language expert,,,,,,,,,1,,,,,,,,
laravel,3,1,,,3,2,,,3,,,,,,17,,70
law,,31,44,4,18,49,,16,21,17,7,18,50,47,11,5,14
leader ship,,,,,,,,,,1,,,,,,,
leadership,26,69,101,41,98,130,9,114,70,77,81,60,65,69,36,43,49
legal,6,15,89,19,28,21,4,34,17,17,17,28,25,37,6,3,7
lifesaving,,1,,,,,,,,1,,1,4,,,,
linux,29,8,,1,19,37,,1,2,13,3,1,7,6,69,5,78
logical thinking,2,1,,,,3,,,,,,2,1,3,5,,2
logo designer,,,,,,,1,,,,,,,,,,
logo designing,,,,,,,3,,,,,,,,,,
m,9,50,25,29,12,22,3,18,17,41,11,56,11,51,6,16,14
mac,8,,1,,2,,2,,3,1,,,,,2,2,7
machine learning,1,4,1,,9,291,,,,2,,3,2,18,19,,6
magento,3,,,,2,1,5,,,,,,,,10,,97
maintenance,100,183,43,69,49,63,6,120,43,173,19,65,65,47,63,14,105
maintenance management,,1,,,,,,,,1,,,,,,,
management,157,332,352,222,405,426,69,756,316,320,346,252,191,334,159,120,236
manufacturing,,179,80,17,14,29,9,15,11,757,33,134,5,33,5,2,11
market research,3,14,1,,17,11,,7,7,,46,12,5,59,1,,3
market strategy,,,,,2,,,,,,3,,,,,1,
marketing,16,160,25,14,426,152,200,133,391,45,830,110,49,109,31,29,87
marketing communication,,,,,14,,1,,10,,7,,,2,,,1
marketing online,,,,,2,,,,,,2,,,,,,
marketing strategy,,4,,,19,2,,2,15,,38,2,6,3,,1,1
mathematics,1,10,1,5,10,158,,1,12,5,,6,1,28,10,46,2
matlab,,2,,2,4,61,,,,1,1,,,20,3,1,
mba hr,,,,,1,,,,,,,,,,,,
mcse,,,,,1,,,,,1,,,,,,,1
mean,2,2,,,1,5,,,8,2,1,2,,6,4,,6
mean stack,,,,,,,,,,,,,,,1,,4
mechanical,1,36,3,77,5,8,,5,1,194,9,10,4,21,4,8,2
mediator,,,,,1,,,,,,1,1,,1,,1,
microcontroller,,,,,1,,,,,2,,,,1,1,,
microprocessor,1,,,,,,,,,3,,,,,,,
microsoft excel,,2,13,3,4,16,,,,5,,4,,11,,,
microsoft office,,13,29,5,34,21,11,20,54,12,12,17,12,28,1,3,3
microsoft powerpoint,,,,,,,,,2,,,,,,,,
mobile accessories,,,,,,,,,,1,1,,,,,,
mobile marketing,,,,,,,,,1,,1,,,,,,1
mongodb,5,6,,,2,39,1,,,,1,1,4,1,33,,48
ms excel,1,4,25,4,16,24,,4,3,8,4,4,2,19,,1,1
ms office,,25,36,11,46,34,8,29,37,23,24,21,10,63,1,14,3
ms sql,4,1,,,2,12,,,1,,,1,2,,27,,20
ms word,3,7,,,7,2,,1,13,,1,3,2,8,1,3,
msexcel,,1,7,1,4,7,,,,3,,5,,2,,,
msoffice,,1,6,3,1,5,3,2,2,5,1,3,,4,,6,
multitasking,5,5,6,4,26,6,11,22,17,12,13,5,4,14,3,6,11
mvc,30,2,,,6,6,1,1,3,1,1,1,2,1,181,,212
my sql,1,1,,,1,,,,,,,,,,3,,8
mysql,85,3,,,10,32,1,,4,2,,1,3,2,137,4,270
negotiation,1,29,8,15,30,8,2,40,7,25,60,36,4,7,3,2,2
negotiations,,8,6,8,6,1,,14,3,5,21,2,1,1,,,
net,19,14,14,5,13,21,2,4,9,22,10,16,39,43,166,14,118
networking,36,9,7,5,54,14,4,14,31,21,53,10,9,37,21,15,16
nfc,3,,,,1,,,,,,,,,,,,4
ngs,,3,,,,1,,,,,1,,,3,,,
node js,2,,,,1,,,,,,,,,,5,1,9
nodejs,13,1,,,4,4,1,,1,1,1,,1,,41,2,67
note taking,1,,,,,,,,,,,1,,1,,,
objective c,9,,,,,1,,,,,,,,,1,,4
ofsaa,,,,,,1,,,,,,,,,,,
omniture,,,,,1,7,,,2,,1,,,1,1,,1
one,164,93,96,62,105,279,52,91,128,107,66,112,111,224,130,102,170
online marketing,2,,,,34,3,3,1,30,,30,1,,2,,,2
oops,80,,,,3,3,1,,,2,1,,2,2,76,,93
opencv,,1,,,,9,,,,1,,,,,2,,1
operations,13,141,136,44,104,173,9,248,65,174,102,111,44,95,27,39,31
oracle,7,9,36,,14,44,1,3,3,14,2,11,12,10,81,2,32
oracle database,,2,,,,3,,,,1,,2,1,,5,,3
organising,,1,2,8,12,1,1,11,4,5,7,2,2,3,,7,1
organizational design,,1,,,1,,,,,,,,,1,,,
organizer,,1,,,4,,,1,,,,1,,1,,1,
outdoor marketing,,,,,,,,,,,3,,,,,,
paintings,,,,,1,,,,,,,,,1,,,
partnerships,1,7,10,4,25,16,2,11,16,6,23,6,4,24,1,6,2
people management,1,11,14,1,7,12,1,11,5,6,8,6,6,3,,1,2
performance management,1,8,7,1,4,5,,7,,1,5,2,2,4,2,1,1
performance testing,,,,,,1,,,,,,1,3,,2,,2
perl,2,4,,,8,16,,,,9,1,,6,3,7,,6
photography,1,1,,4,12,1,25,4,16,,3,,,,1,2,6
photoshop,4,3,,11,34,1,595,,35,4,2,4,2,5,12,9,87
photoshop cs,,,,,,,1,,,,,,,,,,
php,49,1,,1,10,11,3,,4,2,1,,1,4,120,7,390
php mysql,,,,,1,,,,,,,,,,2,,13
pilot,,2,,,4,4,,1,1,9,1,5,3,17,,2,
pl sql,3,,2,,1,10,,,,1,,1,1,2,19,,9
planning,12,136,117,138,152,106,17,105,108,173,143,87,57,89,29,72,65
plc,,7,,1,,,1,,,13,1,1,1,1,,,
pmp,,7,,3,2,,,1,,1,,4,1,,,,1
political sciences,,,,,,,,,,,,,,1,,,
pos,2,,2,2,3,6,2,12,3,5,3,,,1,,1,
positive attitude,4,8,5,4,18,9,4,16,15,7,9,10,5,8,5,7,6
postgresql,3,2,,,,10,,,,1,,1,,,18,,8
power point,,1,9,3,16,8,2,4,4,6,4,3,2,18,,4,
pr,1,39,1,1,93,3,10,8,116,7,43,5,3,5,1,3,6
prepaid,1,,6,,,,,,,1,2,,,,,,1
presales,,5,1,1,8,9,1,2,6,4,25,11,1,,3,1,4
presentation skills,6,8,27,1,37,42,4,10,15,8,34,18,8,23,3,7,15
problem solving,63,45,28,18,77,125,12,28,26,69,14,50,17,49,80,7,48
product development,23,25,4,1,20,35,3,5,9,36,13,14,18,20,36,1,28
product manager,3,6,,,,2,,2,1,2,1,2,,1,,,
program management,,1,,2,1,5,,3,,5,,4,,1,1,,
programmer,10,10,,,2,11,,,,1,,3,,2,18,2,17
programming,262,51,1,9,42,264,3,22,32,37,6,25,16,58,281,19,306
project management,9,39,28,37,44,50,7,15,34,26,29,28,7,37,15,2,32
project planning,,3,,9,3,2,,2,,3,,1,,2,,1,4
proteomics,,2,,,,,,,,,,,,2,,,
public relations,,,,,44,,,6,36,,11,1,,8,,1,1
public speaking,,,,,5,,,2,2,,,,1,,,1,
pulmonary diseases,,,,,,,,,,,,,1,,,,
pulmonologist,,,,,,,,,,,,,3,,,,
python,16,12,,4,17,352,,,,15,1,4,5,27,55,3,40
qa,21,50,1,11,12,15,1,1,5,27,3,43,9,12,28,2,35
qt,,,,,,,,,,,,,,,1,,
quick learner,8,1,,,5,11,2,1,8,6,2,2,1,6,8,1,4
r,7,162,15,22,22,330,2,14,25,58,8,104,41,98,15,12,11
r language,,,,,,2,,,,,,,,,1,,
r programming,,,,,,5,,,,1,,,,,,,
react,30,3,2,5,4,3,,6,6,3,2,1,2,,27,2,37
react native,9,,,,,,,,,,,,,,3,,5
recruitment,11,67,22,19,47,20,2,48,46,22,22,33,39,51,14,18,10
requirement analysis,,,,,2,2,,,1,,,,,,5,,3
requirement gathering,1,,2,,2,2,,,1,1,,1,,1,2,,1
research,20,431,44,20,194,298,42,41,294,38,136,180,74,848,29,66,63
rest api,7,,,,2,4,,,,,,,,,7,,7
restful api,3,,,,1,,,,,,,,3,,4,,7
rewards,4,3,5,1,17,12,,19,5,3,7,,55,10,3,,7
robotics,1,2,2,,3,7,,,,6,1,1,,2,1,5,1
ruby,5,3,,,1,6,,,1,2,1,1,5,,10,1,16
sad,1,,,,,,,,,,,,,,,,
sales,13,214,88,18,200,92,63,246,88,105,854,180,56,72,14,31,27
sales representative,,,,,,,,2,,,5,3,4,,,,
sap,2,29,64,5,5,20,,2,2,52,5,15,,4,6,1,1
sas,,24,1,,8,152,2,2,2,1,1,13,6,20,1,,1
sass,1,,,,1,2,,,2,,,,,,2,,18
sccm,,,,,,,,,,1,,1,,,,,
scrum,15,2,,,8,12,1,1,4,2,1,3,8,1,27,2,24
scrum master,,,,,2,2,,,,,,,,1,,1,1
sds,,,,,1,,,,,1,,,,,,,
selenium,2,,,,4,3,,,,1,,1,5,,5,,6
selfconfidence,,,,,2,,,3,,,,,,,,,1
seo,5,1,,2,85,11,6,5,203,1,33,2,3,12,8,2,56
seo expert,,,,,,,,,2,,,,,,,,
service delivery,5,6,8,3,6,11,1,10,3,3,3,,4,2,2,1,5
shift incharge,,,,,,,,,,2,,,,,,,
sketching,,,1,,2,,16,,4,1,,,,1,,2,4
sketchup,,,,4,,,,,1,1,,,,,,1,
slack,,1,,,2,,1,1,,,,,,,1,,2
smo,1,,,,7,1,1,,8,,3,,,,1,,2
social,74,17,10,12,297,68,183,47,414,16,112,8,17,106,20,139,78
social media,31,6,,3,240,12,134,17,312,6,72,2,5,28,4,5,36
social networking,3,1,,,12,1,2,,7,,5,,,2,1,1,3
social networks,,,,,6,,,,9,,1,,,,,,2
software,283,95,77,103,122,260,226,76,129,116,104,63,85,116,533,24,418
software development,125,8,1,4,21,44,1,1,15,8,7,7,13,5,158,1,106
software testing,1,,,1,1,2,,,1,2,,1,1,2,8,,5
solution design,,,3,,5,9,,,,,,4,1,,5,,2
spanish,,2,,,5,,,1,,,,1,1,3,,2,
speaker,,1,,,5,1,,2,5,,2,,2,5,,2,
sports,2,,2,2,4,2,4,5,23,3,10,1,30,2,5,10,1
spss,,,,1,,40,,2,3,,,1,1,23,,,
sql,72,8,9,1,47,337,2,6,5,22,7,16,23,29,305,6,234
sql server,7,1,2,,5,16,,1,1,4,1,,5,1,67,,64
staad pro,,,,7,,,,,,,,,,,,,
startups,9,2,5,,6,7,3,1,6,4,9,1,1,12,6,1,8
statutory compliance,,2,18,,,,,3,,1,,2,,,,,
strategic planning,,4,2,,9,2,,2,,1,5,1,,2,1,,10
strategy,12,109,43,12,164,106,19,60,151,43,171,68,28,64,12,18,42
strategy planning,,,,,1,,,,,,,2,,,,,
stress management,,,,,,,,1,3,,1,,,1,,,
swift,28,1,1,,5,3,,3,2,1,,,,2,6,,18
tag manager,,,,,,2,,,,,1,,1,,,,
talent acquisition,,12,3,,4,3,,,2,,1,3,,3,1,,1
talent management,2,2,1,,3,4,,5,,,2,3,,2,,,
tally,1,15,80,1,,1,,3,4,32,1,9,1,,,5,
tally erp,,3,12,,,,,,2,3,,,,,,,
teacher,1,8,2,1,2,1,1,3,1,,2,,,1,1,270,1
teaching,6,32,7,13,7,2,4,21,33,1,3,7,53,33,6,702,5
team building,2,1,6,2,2,8,,3,,3,3,2,1,2,2,1,3
team lead,6,1,4,,4,11,,,4,,1,7,5,10,1,,6
team leadership,,3,1,1,2,1,,1,2,,,1,,2,,1,
team player,31,17,30,9,49,51,15,15,52,17,27,21,8,47,39,7,39
teamwork,9,4,22,5,31,21,6,24,9,22,8,8,7,21,21,4,17
technical analysis,1,,,,1,1,1,,,2,,,,5,2,,
technical support,2,31,,12,8,12,1,5,20,17,6,9,15,7,12,4,18
technology,114,107,79,34,146,315,42,62,118,149,103,103,131,197,183,44,210
telecalling,,1,,,2,,,3,,,4,,,,1,1,1
test,82,34,20,42,57,104,9,15,23,73,18,42,68,66,140,35,152
testing,126,50,39,40,68,148,4,13,17,96,12,92,62,56,199,10,190
three,10,16,12,9,14,23,6,16,36,13,9,15,6,50,7,25,8
time management,13,31,12,5,34,24,31,24,42,12,20,9,2,31,13,13,20
training,40,162,69,61,99,108,34,260,107,110,111,133,127,123,54,186,38
translator,,1,,,,,,3,3,,,,,,,,
two,20,30,20,32,26,41,12,42,40,23,30,31,49,98,13,36,31
ui design,120,,,,,,3,1,3,,,,,,7,,24
uml,6,,,,2,4,,,,,,1,,1,10,,9
unix,1,4,,,6,21,,1,1,4,2,,2,5,24,1,10
urban design,,,,,,,,,,,,,,1,,1,
urdu,,,,,,,,,1,,1,,,1,,,
usability,135,2,,1,11,9,14,,16,3,3,,3,3,12,2,54
use cases,4,2,,,5,26,,,6,,3,,,3,14,,5
ux,46,1,,,1,12,21,,7,,1,,4,2,12,1,35
video editing,,,,,5,,26,,6,1,,,,,,1,
video production,,,,,1,,2,,4,,1,,,,,2,
videography,,,,,3,,2,,5,,,,,,,,2
visual studio,4,,,,1,,,,,,,,,1,8,,16
visualization,1,1,2,2,6,155,33,,6,2,2,4,1,21,8,2,7
vuejs,,1,,,,,,,,,,,,,6,,4
web analytics,,,,,11,9,,,12,,2,,1,2,1,,3
web design,2,,,,8,,26,,6,,6,,,,5,2,36
web designer,1,1,,,,,7,,3,,,1,,,3,,25
web designing,1,,,,4,1,6,,1,,,,,2,3,,17
web developer,,1,,,4,1,1,1,4,,,,,,11,1,59
web development,11,,,,10,8,4,1,6,,4,2,1,2,27,1,91
web programming,1,,,,1,,,,,,,,,,9,,14
web services,93,1,,1,10,14,,,1,1,2,2,2,2,88,,125
web technologies,22,2,,,2,3,,,4,,6,,,2,25,,71
website development,3,,,,6,,,,1,,,,,,7,,11
word,5,48,66,21,64,57,25,48,111,36,30,44,16,92,11,22,27
wordpress,5,1,,,10,3,16,2,49,1,5,,2,4,24,2,149
writing,47,90,21,22,200,91,11,34,556,25,45,56,36,175,106,44,147
xhtml,4,,,1,1,,3,,1,,,,,,8,,29
xml,204,1,,,18,12,4,3,15,1,,1,3,2,86,1,145
