781,209,   ,,0
766,205,.Net,,0
922,244,.net,,0
981,266,.Net,,0
999,271,.Net,,0
1007,274,.net,,0
1113,305,.Net,,0
1454,345,.Net,,0
2261,528,.Net,,0
324,123,3d max,,0
559,157,3d max,,0
3420,1128,3d max,,0
560,157,3d maya,,0
590,162,4Strategy,,0
2818,715,8 & 10,,0
867,218,ABAP consultant,,0
2882,574,abs,,0
3390,1064,Account Management,5,0
4056,1287,Account management ,,0
171,79,Accounting,,0
316,122,Accounting,,0
2266,530,Accounting,,0
2273,533,Accounting,,0
2326,550,Accounting,,0
2496,580,Accounting,,0
2590,613,Accounting,,0
2624,629,Accounting,,0
3012,995,Accounting,,0
3096,1018,Accounting,,0
3139,1049,Accounting,,0
3402,1125,Accounting,,0
3558,1158,Accounting,,0
3735,1223,Accounting,,0
3765,1229,Accounting,,0
3915,1254,Accounting,,0
3923,1255,Accounting,4,0
4142,1301,Accounting,,0
3609,1166,Accounting ,,0
4112,1293,Accounts,5,0
2452,570,actitud positiva,,0
2034,499,actriz,,0
3694,1201,ad,,0
2474,570,adaptabilidad,,0
2120,367,ADAPTABILITY,,0
4114,1293,Admininstrative Management,4,0
501,147,administración de personal,,0
2466,570,administración financiera,,0
593,164,Administrador de Servidores,,0
869,219,Administrative,,0
2252,524,Administrative,,0
2299,544,Administrative,,0
2789,702,Administrative,,0
3967,1270,Administrative,,0
3975,1270,Administrative,3,0
1892,462,ado.net,,0
904,230,Adobe,,0
2033,498,Adobe after effects ,,0
3186,1079,Adobe after effects ,,0
3270,1104,Adobe after effects ,,0
3565,1158,Adobe after effects ,,0
2379,558,Adobe Analytics,,0
131,73,Adobe Illustrator,,0
2317,548,Adobe Illustrator,,0
2990,991,Adobe Illustrator,,0
3037,1001,Adobe Illustrator,,0
3151,1054,Adobe Illustrator,,0
3165,1072,Adobe Illustrator,,0
3172,1074,Adobe Illustrator,,0
3182,1078,Adobe Illustrator,,0
3184,1079,Adobe Illustrator,,0
3190,1080,Adobe Illustrator,,0
3219,1090,Adobe Illustrator,,0
3222,1091,Adobe Illustrator,4,0
3274,1104,Adobe Illustrator,,0
3427,1131,Adobe Illustrator,4,0
3566,1158,Adobe Illustrator,,0
3676,1186,Adobe Illustrator,,0
3787,1232,Adobe Illustrator,3,0
4008,1280,Adobe Illustrator,,0
4038,1280,Adobe Illustrator,3,0
2321,548,adobe indesign,,0
2991,991,adobe indesign,,0
3192,1080,adobe indesign,,0
3221,1090,adobe indesign,,0
3224,1091,adobe indesign,3,0
4009,1280,adobe indesign,,0
4039,1280,Adobe Indesign,3,0
423,138,Adobe Photoshop,,0
2316,548,Adobe Photoshop,,0
2984,991,Adobe Photoshop,,0
2989,991,Adobe Photoshop,,0
3183,1079,Adobe Photoshop,,0
3189,1080,Adobe Photoshop,,0
3220,1090,Adobe Photoshop,,0
3223,1091,Adobe Photoshop,4,0
3269,1104,Adobe Photoshop,,0
3428,1131,Adobe Photoshop,4,0
3590,1159,Adobe Photoshop,3,0
3786,1232,Adobe Photoshop,3,0
3957,1269,Adobe Photoshop,,0
4037,1280,Adobe Photoshop,3,0
2032,498,adobe premiere pro ,,0
3185,1079,adobe premiere pro ,,0
2381,558,Adobe Tag Manager ,,0
594,165,Adrministracion personal,,0
598,167,Adrministracion personal,,0
123,72,Advertising,,0
1835,459,Advertising,,0
1898,464,Advertising,,0
2042,500,Advertising,,0
2554,604,Advertising,,0
2618,626,Advertising,,0
2821,716,Advertising,,0
3011,995,Advertising,,0
3085,1010,Advertising,,0
3105,1023,Advertising,,0
3107,1024,Advertising,,0
3110,1029,Advertising,,0
3129,1040,Advertising,,0
3135,1046,Advertising,,0
3136,1047,Advertising,,0
3141,1049,Advertising,,0
3146,1052,Advertising,,0
3148,1052,Advertising,,0
3177,1076,Advertising,,0
3388,1064,Advertising,5,0
3680,1188,Advertising,,0
3682,1189,Advertising,,0
3683,1190,Advertising,,0
3684,1191,Advertising,,0
3686,1193,Advertising,,0
3727,1221,Advertising,,0
3730,1222,Advertising,,0
3734,1223,Advertising,,0
3738,1224,Advertising,,0
326,123,after effect,,0
3144,1050,after effect,,0
132,73,After effects,,0
2372,557,After effects,,0
3040,1002,After effects,,0
3101,1020,After effects,,0
3159,1070,After effects,,0
3179,1077,After effects,,0
3414,1127,After effects,,0
3681,1188,After effects,,0
908,239,Agile Methodologies,,0
1424,56,Agile Methodologies,,0
3776,1230,Agile Methodologies,1230,0
372,134,Agile software development,,0
2874,726,Agile software development,,0
4051,1283,Agricultura,1283,0
4052,1283,Agricultura de Precisão,1283,0
4043,1285,Agrobusiness,1285,0
285,112,Ajax,,0
568,158,Ajax,,0
668,174,Ajax,,0
1129,310,ajax,,0
2899,916,ajax,,0
3086,1010,Ajax,,0
3160,1070,Ajax,,0
3164,1071,Ajax,,0
3175,1075,Ajax,,0
3180,1077,Ajax,,0
3297,1106,AJAX,3,0
3643,1173,Ajax,3,0
3728,1221,Ajax,,0
3731,1222,Ajax,,0
3736,1223,Ajax,,0
2058,187,Algorithms,,0
3450,1137,Algorithms,,0
2376,558,Analítica Web,,0
749,186,Analysis,,0
1794,441,Analysis,,0
2730,677,Analysis,,0
3867,1236,analytic English (A*) ,3,0
27,71,Analytics,,0
373,135,Analytics,,0
550,156,Analytics,,0
1023,278,Analytics,,0
1238,316,Analytics,,0
1324,323,Analytics,,0
1355,333,Analytics,,0
1379,335,Analytics,,0
1545,379,Analytics,,0
1829,459,Analytics,,0
2213,513,Analytics,,0
2674,655,Analytics,,0
2967,981,Analytics,,0
3041,1002,Analytics,,0
3072,78,Analytics,78,0
3087,1010,Analytics,,0
3088,1011,Analytics,,0
3091,1014,Analytics,,0
3093,1016,Analytics,,0
3104,1022,Analytics,,0
3106,1023,Analytics,,0
3128,1040,Analytics,,0
3132,1043,Analytics,,0
3133,1044,Analytics,,0
3142,1050,Analytics,,0
3145,1051,Analytics,,0
3150,1054,Analytics,,0
3153,1056,Analytics,,0
3163,1071,Analytics,,0
3168,1073,Analytics,,0
3171,1074,Analytics,,0
3176,1076,Analytics,,0
3178,1077,Analytics,,0
3181,1078,Analytics,,0
3413,1127,Analytics,,0
3675,1186,Analytics,,0
3678,1187,Analytics,,0
3737,1224,Analytics,,0
3946,1264,Analytics,,0
180,82,android,,0
202,85,Android,,0
265,109,android,,0
310,120,android,,0
957,258,android,,0
1001,272,android,,0
1046,285,android,,0
2253,525,android,,0
2704,664,android,,0
2771,692,android,,0
2787,701,android,,0
3036,1001,android,,0
3137,1047,android,,0
3143,1050,android,,0
3162,1071,android,,0
3169,1073,android,,0
3174,1075,android,,0
3322,1095,Android,4,0
3453,1137,android,,0
3506,1145,Android,4,0
3677,1186,android,,0
3792,1233,android,2,1
3875,1239,Android,,0
1817,455,android app developer,,0
2068,503,android app developer,,0
2713,670,android app developer,,0
2716,671,android app developer,,0
2719,672,android app developer,,0
2721,673,android app developer,,0
2788,701,android app developer,,0
3365,1118,Android App Developer,3,0
3384,1122,android app developer,,0
3706,1214,android app developer,1214,0
341,127,Android App Development,,0
371,133,Android App Development,,0
577,160,Android App Development,,0
711,184,Android App Development,,0
858,216,Android App Development,,0
958,258,Android App Development,,0
1002,272,Android App Development,,0
1047,285,Android App Development,,0
2254,525,Android App Development,,0
2772,692,Android App Development,,0
2957,974,Android App Development,,0
3246,1098,Android App Development,,0
3273,1104,Android App Development,,0
3330,1113,Android App Development,1113,0
3343,1114,Android App Development,1114,0
3348,1115,Android App Development,1115,0
3366,1119,Android App Development,3,0
3386,1123,Android App Development,1123,0
3429,1133,Android App Development,,0
3434,1132,Android App Development,4,0
3445,1134,Android App Development,,0
3448,1136,Android App Development,,0
3460,1139,Android App Development,1139,0
3492,1143,Android App Development,1143,0
3903,1247,Android App Development,1247,0
4283,1356,Android App Development,3,0
3252,1099,Android Developer,1099,0
3988,1271,Android Developer,,0
4100,1291,Android Development,4,0
4129,1214,Android Development,1,0
4223,1318,Android Development,2,0
3510,1145,Angulajs,1,0
3831,1192,Angular,3,0
3753,1226,Angular 5,,0
3127,1036,angular js,,0
3467,1140,angular js,1,0
4246,1341,Angular JS,4,0
3298,1100,AngularJS,4,0
3319,1095,AngularJs,4,0
3480,1141,AngularJS,,0
3701,1213,AngularJS,,0
3742,1226,AngularJS,,0
3817,1233,Angularjs,4,14
1880,453,Animation,,0
901,230,Antrometrista ISAK Nivel II,,0
4092,1291,Apache,3,0
290,112,Apache Server,,0
2460,570,apertura mental,,0
4102,1291,Application Architecture,2,0
2703,664,Application Implementation,,0
2706,665,Application Implementation,,0
2707,666,Application Implementation,,0
2708,667,Application Implementation,,0
2709,668,Application Implementation,,0
2711,669,Application Implementation,,0
2715,671,Application Implementation,,0
2717,672,Application Implementation,,0
2720,673,Application Implementation,,0
2722,674,Application Implementation,,0
3750,1226,Application Implementation,,0
2705,664,apps,,0
432,139,Arabic,,0
3911,1249,Arbitration Laws,2,0
2226,517,Architectural Design,,0
2290,538,Architectural Design,,0
2220,517,Architecture,,0
2289,538,Architecture,,0
3959,1269,Arduino Microcontroller,,0
4266,1348,Arduino Microcontroller,,0
1893,453,"Arduino Microcontroller, MATLAB",,0
3769,1228,Army,5,0
2483,572,Article Writing,,0
3556,1154,Article Writing,1154,0
3758,1227,Article Writing,,0
4272,1353,Article Writing,,0
297,114,ASP,,0
916,241,asp,,0
940,251,ASP,,0
994,270,ASP,,0
1090,296,ASP,,0
3140,1049,ASP,,0
3147,1052,ASP,,0
3415,1127,ASP,,0
3729,1221,ASP,,0
464,140,ASP.NET,,0
768,205,ASP.NET,,0
917,241,ASP.NET,,0
941,251,ASP.NET,,0
945,253,ASP.NET,,0
950,256,ASP.NET,,0
995,270,ASP.NET,,0
1008,274,ASP.NET,,0
1077,293,ASP.NET,,0
1091,296,ASP.NET,,0
1100,300,asp.net,,0
1455,345,ASP.NET,,0
1889,462,ASP.NET,,0
3745,1226,ASP.NET,,0
1841,448,Assembly language Programming,,0
3775,1228,Asthma,5,0
679,175,ATL,,0
4059,1287,ATL,,0
317,122,Auditng,,0
3038,1001,Auditng,,0
3161,1070,Auditng,,0
3166,1072,Auditng,,0
786,209,Auto CAD,,0
3167,1072,Auto CAD,,0
327,124,autocad,,0
2225,517,AutoCAD,,0
2383,317,autocad,,0
2502,584,autocad,,0
3170,1073,autocad,,0
3416,1128,autocad,,0
4132,1300,autocad,,0
4044,1285,Autodesk Inventor,1285,0
906,238,Automation,,0
2518,596,Automation,,0
2629,632,Automation,,0
2735,679,automotive,,0
4028,1284,Auxiliar administrativo. ,,0
355,130,AWS,,0
4096,1291,AWS,3,0
4299,1359,AWS,,0
4124,1297,Badminton coach,,0
2505,584,bailarin de salsa,,0
2597,617,Banner Designing,,0
2825,718,Basic Android,,0
2611,622,Basic Electronics,,0
1631,404,Basic HTML,,0
2066,362,Basic HTML,,0
1634,404,Basic of php,,0
1633,404,Basic of sql,,0
1743,431,basic of sql,,0
2175,509,Basic of sql,,0
1659,414,Basics of c,,0
1726,427,Basics of c,,0
1741,431,Basics of c,,0
1831,459,Basics of c,,0
2123,426,Basics of C,,0
1562,382,Basics of c ,,0
1777,388,basics of c and c++,,0
1836,459,basics of c and c++,,0
1616,400,Basics of core java,,0
1618,400,basics of HTML,,0
1663,414,basics of html,,0
1718,385,basics of HTML,,0
1727,427,basics of HTML,,0
1742,431,basics of HTML,,0
1779,388,basics of html,,0
1784,434,basics of html,,0
1632,404,Basics of java,,0
1666,415,basics of java,,0
1701,424,basics of java,,0
1728,427,basics of java,,0
1746,432,basics of java,,0
2085,406,Basics of Java,,0
2125,426,basics of java,,0
2897,916,basics of java,,0
1518,370,Basics of Jquerry,,0
2964,978,Basics of Jquerry,,0
2086,406,Basics of Web Programming,,0
1687,391,basics oh html,,0
465,140,BDM,,0
1598,395,beginner in android,,0
28,71,BI,,0
1242,316,BI,,0
2334,551,big data,,0
3781,1231,big data,1231,0
2661,646,biocides,,0
3617,1170,Bioinformatics,1170,0
4055,1283,Biolaboratorio,1283,0
3631,1170,Biological databases,1170,0
1876,425,Blogging,,0
3271,1104,Blogging,,0
3759,1227,Blogging,,0
2218,516,bootstrap,,0
2313,547,bootstrap,,0
2320,548,bootstrap,,0
2337,552,bootstrap,,0
2539,601,Bootstrap,,0
2753,685,bootstrap,,0
2926,951,bootstrap,,0
3283,1004,BOOTSTRAP,3,0
3325,1112,Bootstrap,4,0
3468,1140,bootstrap,2,0
3744,1226,bootstrap,,0
3814,1233,Bootstrap,4,12
4148,1303,bootstrap,,0
2324,549,Brand Curation,,0
4155,1306,Brand Development,4,0
2043,501,Brand Management,,0
2555,604,Brand Management,,0
2234,519,Brand Promotion,,0
1234,314,Brand Strategy,,0
1273,319,Brand Strategy,,0
3080,78,Brand Strategy,78,0
2323,549,Branding,,0
2578,609,Branding,,0
678,175,BTL,,0
4060,1287,BTL,,0
607,169,Buen diálogo ,,0
2450,570,buena comunicación,,0
2759,687,buena comunicación,,0
2456,570,buena escucha,,0
2758,687,buena escucha,,0
2811,714,business analysis,,0
293,113,business analyst,,0
580,161,business analyst,,0
1432,338,business analyst,,0
2267,530,business analyst,,0
2678,655,business analyst,,0
2963,977,business analyst,,0
3537,1153,business analyst,1153,0
342,127,Business Consulting,,0
1247,316,Business Consulting,,0
2041,500,Business Consulting,,0
2680,655,Business Consulting,,0
3538,1153,Business Consulting,1153,0
962,260,Business Continuity,,0
3715,1219,Business Development,,0
3863,1235,Business Development,1235,0
3996,1272,Business Development,4,0
4116,1293,Business Development,5,0
2679,655,Business Intelligence,,0
3071,78,Business Intelligence,78,0
2626,630,Business management,,0
3379,1121,Business management,,0
746,186,Business Planning,,0
2268,530,Business Planning,,0
3718,1219,Business Strategy,,0
486,145,business studies,,0
1433,338,business studies,,0
3030,1000,business studies,,0
3456,1139,c,1139,0
4217,1321,C And C++,5,0
1855,440,C beginner,,0
3619,1170,C beginner,1170,0
1840,447,c c++ java basics,,0
1863,461,c c++ java basics,,0
1912,465,c c++ java basics,,0
1919,476,c c++ java basics,,0
2482,572,c c++ java basics,,0
3955,1269,c c++ java basics,,0
1775,412,c programming,,0
1819,457,c programming,,0
1838,448,C Programming,,0
1980,492,c programming,,0
3210,1088,c programming,,0
3900,1247,c programming,1247,0
1812,454,c programming - 3,,0
17,69,c#,,0
200,85,c#,,0
353,130,c#,,0
574,159,c#,,0
578,160,c#,,0
928,247,c#,,0
953,256,c#,,0
989,268,c#,,0
1029,279,c#,,0
1076,293,c#,,0
1110,304,c#,,0
1437,339,c#,,0
1491,359,c#,,0
1513,370,C#,,0
1523,371,C#,,0
1887,462,c#,,0
3649,1182,C#,1182,0
3746,1226,c#,,0
4247,1341,C#,4,0
1738,419,"c, c++ and basic java",,0
4289,1351,"C, C++, JAVA",3,0
1786,435,"C, C++, JAVA, HTML, CSS ",,0
1753,428,"c,c++",,0
1593,366,"c,c++,basics of java,html,ajax",,0
1721,394,"c,c++,java",,0
1856,445,"C,C++,JAVA",,0
1737,396,"c,c++,java and basics of php",,0
2136,411,"C,DBMS,PHP",,0
1821,458,c/ c++,,0
2047,187,c/ c++,,0
4284,1356,C/C++,3,0
4286,1357,C/C++,3,0
199,85,c++,,0
1988,488,"c++,",,0
687,178,CAD,,0
920,243,CAD,,0
599,167,Camara y montaje,,0
889,226,Capacidad de Comunicacion,,0
498,147,Capital Humano,,0
2760,687,Capital Humano,,0
2201,502,Carnet de conducir,,0
328,124,catia,,0
4133,1300,catia,,0
845,203,CCNA,,0
2477,572,CCNA,,0
215,89,ccs,,0
1054,287,ccs,,0
1443,341,ccs,,0
3961,1269,ccs,,0
4127,1298,Cctv and ups installation,,0
895,227,Cement Industry,,0
2471,570,ciencias políticas,,0
573,159,Cisco Packet Tracer,,0
9,66,civil,,0
861,198,Civil,,0
862,197,Civil,,0
1348,331,civil,,0
2384,317,civil,,0
4082,941,civil,941,0
555,155,Client follow up,,0
844,206,Client servicing,,0
2382,317,Client servicing,,0
1423,56,Cloud Computing,,0
1536,376,Cloud Computing,,0
3783,1231,Cloud Computing,3,0
468,141,codeigniter,,0
514,149,codeigniter,,0
564,158,codeigniter,,0
1420,56,CodeIgniter,,0
2751,685,codeigniter,,0
4089,1291,Codeigniter,4,0
4312,1233,Codeigniter,3,10
3449,1137,coding,,0
897,228,Coke Oven engineer manufacturing and steel,,0
3009,994,come along easily with new atmosphere ,,0
2118,367,COMMITMENT,,0
3660,1183,COMMITMENT,,0
487,145,communication,,0
2291,539,Communication,,0
2998,989,Communication,989,0
3265,1103,Communication,3,0
3285,1105,Communication,,0
3400,1125,communication,,0
4275,1353,communication,,0
305,115,communication skills,,0
420,138,communication skills,,0
927,247,communication skills,,0
996,270,communication skills,,0
1014,275,communication skills,,0
1233,314,communication skills,,0
1337,327,communication skills,,0
1378,335,communication skills,,0
1458,346,communication skills,,0
1558,381,communication skills,,0
1832,459,communication skills,,0
2174,509,communication skills,,0
2293,540,communication skills,,0
2295,541,communication skills,,0
2296,542,communication skills,,0
2298,543,communication skills,,0
2386,317,communication skills,,0
2637,636,communication skills,,0
2710,668,communication skills,,0
2714,670,communication skills,,0
2724,675,communication skills,,0
2729,677,communication skills,,0
2736,680,communication skills,,0
2739,681,communication skills,,0
2743,684,communication skills,,0
2755,686,communication skills,,0
2792,703,communication skills,,0
2795,704,communication skills,,0
2983,990,communication skills,,0
3202,1085,communication skills,,0
3260,1101,communication skills,,0
3396,1124,communication skills,,0
3659,1183,communication skills,,0
3696,1205,communication skills,,0
3784,1232,communication skills,5,0
3865,1236,communication skills,4,0
3949,1264,communication skills,,0
4067,1289,communication skills,,0
4073,1292,Communication Skills,3,0
4205,1325,communication skills,5,0
3306,1109,Compensation and Benefits,1109,0
1772,388,completed basics in MS office,,0
2464,570,compras y licitaciones,,0
4305,1362,Comprehensive Meta-analysis (CMA),,0
893,226,Comprometida,,0
2468,570,compromiso,,0
597,166,compus,,0
3970,1270,computer ,,0
2564,608,computer applicatiopn,,0
3374,1121,computer applicatiopn,,0
4207,1326,computer vision,,0
4011,1281,Comunicação,,0
502,147,comunicación institucional,,0
515,150,comunicación institucional,,0
3240,1096,confidence,,0
3242,1096,confidence,,0
3286,1105,Confidence,,0
319,122,Consultancy,,0
3541,1153,Consultancy,1153,0
750,186,Consulting,,0
3542,1153,Consulting,1153,0
3719,1219,Consulting,,0
315,121,content creation,,0
754,196,content creation,,0
1338,327,content creation,,0
1342,328,content creation,,0
2176,509,content creation,,0
2635,635,content creation,,0
3214,1089,content creation,,0
3930,1256,content editing,,0
4170,1306,Content Marketing,4,0
303,115,content writing,,0
753,196,content writing,,0
1112,304,content writing,,0
1267,320,Content Writing,,0
1336,327,content writing,,0
1341,328,content writing,,0
2173,509,content writing,,0
2634,635,content writing,,0
2776,695,content writing,,0
3275,1104,content writing,,0
3580,1160,content writing,1160,0
3586,1160,content writing,1160,0
3658,1183,content writing,,0
3931,1256,content writing,,0
3948,1264,content writing,,0
335,127,Content Writing & Marketing,,0
1034,281,Content Writing & Marketing,,0
1231,314,Content Writing & Marketing,,0
1339,327,Content Writing & Marketing,,0
1343,328,Content Writing & Marketing,,0
1559,381,Content Writing & Marketing,,0
2636,635,Content Writing & Marketing,,0
835,176,"content writing,team building,project management,SEO, SEM, SMO,Training management.E-learning",,0
876,222,contnet writer,,0
2645,616,Control,,0
4053,1283,Controle Biológico,1283,0
865,217,"Coordination, strategic guidance, assessment and support to maintain consistency and quality control for various projects",,0
2575,609,copywriting,,0
561,157,coral drow,,0
2285,522,coral drow,,0
2799,705,coral drow,,0
182,82,core java,,0
374,136,core java,,0
527,151,core java,,0
694,180,core java,,0
807,171,Core Java,,0
853,216,core java,,0
951,256,core java,,0
991,269,core java,,0
1021,277,core java,,0
1062,289,core java,,0
1079,293,core java,,0
1429,337,core java,,0
1497,361,core java,,0
1531,374,core java,,0
1647,409,CORE JAVA,,0
1678,391,Core java,,0
1682,418,core java,,0
2139,408,CORE JAVA,,0
2343,552,core java,,0
2827,718,Core java,,0
2829,719,core java,,0
3430,1133,core java,,0
3458,1139,core java,1139,0
4253,1340,Core Java,3,0
562,158,core php,,0
954,257,core php,,0
1063,289,core php,,0
2938,958,core php,,0
2322,548,corel draw,,0
3188,1079,corel draw,,0
3191,1080,corel draw,,0
4010,1280,corel draw,,0
3823,1192,CorelDraw,2,0
3827,1233,CorelDraw,5,16
1237,314,Corporate Communication,,0
3568,1158,Corporate Communication,,0
880,193,"Cost Reduction for the existing parts/VAVE implementation & smart purchasing techniques like Consolidations, Competition, Contract negotiations & Collaborations.",,0
4057,1287,Country Coordination ,,0
3920,1254,Creating web page,,0
3927,1255,Creating web page,3,0
2025,496,Creative,,0
2026,496,Creative,,0
2021,496,Creative ,,0
3409,1125,Creative ,,0
1936,485,creative and decesion making power,,0
3662,1183,creative and decesion making power,,0
1374,335,creative thinker,,0
2020,496,creative thinker,,0
3410,1125,creative thinker,,0
4138,1300,creative thinker,,0
4075,1292,Creative Writing,1,0
884,223,Creatividad,,0
2453,570,creatividad,,0
2761,687,Creatividad,,0
2577,609,creativity,,0
2801,714,Credit,,0
4054,1283,Criação de Insetos,1283,0
1275,319,Crisis Management,,0
4061,1287,CRM,,0
4159,1306,CRM,4,0
2061,187,cryptography,,0
2050,187,CS50,,0
18,69,css,,0
176,80,CSS,,0
391,137,css,,0
471,142,css,,0
670,174,css,,0
686,178,css,,0
693,180,css,,0
935,249,css,,0
967,262,css,,0
983,266,css,,0
1018,276,css,,0
1035,281,css,,0
1043,284,css,,0
1050,286,css,,0
1061,288,css,,0
1085,294,css,,0
1095,297,css,,0
1414,56,CSS,,0
1515,370,CSS,,0
2055,187,CSS,,0
2250,523,CSS,,0
2310,547,css,,0
2490,573,CSS,,0
2746,685,css,,0
2925,951,css,,0
3157,1063,css,,0
3291,1106,CSS,,0
3333,1113,css,1113,0
3437,1132,css,3,0
3443,1134,css,,0
3471,942,CSS,942,0
3478,1141,CSS,,0
3494,1143,css,1143,0
3512,1145,CSS,3,0
3517,1148,css,1148,0
3533,1152,css,1152,0
3599,1164,Css,1,0
3982,1271,css,,0
4255,1340,CSS,1,0
405,57,CSS3,,0
513,149,CSS3,,0
567,158,CSS3,,0
699,181,CSS3,,0
717,184,CSS3,,0
855,216,CSS3,,0
2216,516,CSS3,,0
2319,548,CSS3,,0
2336,552,CSS3,,0
2491,573,CSS3,,0
2734,678,CSS3,,0
2747,685,CSS3,,0
3278,1004,CSS3,1,0
3334,1113,CSS3,1113,0
3463,1140,CSS3,3,0
3636,1173,CSS3,4,0
3882,1240,CSS3,4,0
4098,1291,CSS3,3,0
4146,1303,CSS3,,0
4074,1292,Cultural Exchange,3,0
425,139,cumplementos,,0
3002,989,curriculum designer,989,0
2683,655,customer analytics,,0
172,79,Customer Service,,0
3381,1121,Customer Service,,0
3973,1270,Customer Service,,0
3228,1096,dancing,,0
3233,1096,dancing,,0
2059,187,Data Analysis,,0
2265,529,Data Analysis,,0
3539,1153,Data Analysis,1153,0
3618,1170,Data Analysis,1170,0
3780,1231,Data Analysis,1231,0
1071,291,data base,,0
2255,526,data base,,0
2685,656,data base,,0
3625,1170,Data mining,1170,0
4292,1351,DATA MINING ,3,0
4222,1318,Data Science,3,0
4240,1338,Data Science,,0
2053,187,Data security,,0
2686,656,Data security,,0
1550,380,DATA STRUCTURES,,0
3256,1100,DATA STRUCTURES,1100,0
3490,1142,DATA STRUCTURES,1142,0
3639,1173,DATA STRUCTURES,3,0
2079,506,Data warehousing,,0
2328,551,Data warehousing,,0
2520,596,Data warehousing,,0
1353,332,database,,0
1450,343,database,,0
2264,529,database,,0
3626,1170,Database management systems,1170,0
3640,1173,Database management systems,3,0
1488,358,DBMS,,0
1871,425,DBMS,,0
2145,409,DBMS,,0
2134,368,DBMS - MySQL,,0
1526,372,DBMS- mySQL,,0
2802,714,debit,,0
3264,1103,Decision Making,3,0
4244,1339,Deep Learning,3,0
2846,720,Defect Root Cause Identification / Problem Analysis,,0
3770,1228,Defence,2,0
2347,553,Delivery Management,,0
2692,658,Delivery Management,,0
3818,1192,Delphi XE - Pascal,3,0
872,220,design,,0
960,259,design,,0
1025,278,design,,0
1058,288,design,,0
1357,333,design,,0
1877,453,design,,0
3187,1079,design,,0
3225,1092,design,,0
3788,1232,Design,3,0
3795,1233,design,4,5
3841,1234,Design ,,0
790,209,Design of Machine Foundation,,0
1468,349,Design of Machine Foundation,,0
4309,1362,Detail-oriented.,5,0
3834,1192,Develop Mobile Web Apps,4,0
1244,316,developer,,0
1431,337,developer,,0
1878,453,developer,,0
3451,1137,developer,,0
1322,315,DFAAF,,0
2325,550,DFAAF,,0
1321,315,DFAFGAFA,,0
2918,921,dfd,,0
4302,1361,dfg,,0
3523,1150,didgital marketing,1150,0
4062,1287,Digital,,0
4153,1306,Digital Advertising,4,0
120,72,Digital Marketing,,0
337,127,Digital Marketing,,0
821,191,Digital Marketing,,0
1024,278,Digital Marketing,,0
1262,320,Digital Marketing,,0
1897,464,Digital Marketing,,0
1986,466,Digital Marketing,,0
2587,612,Digital Marketing,,0
2619,626,Digital Marketing,,0
2676,655,Digital Marketing,,0
3158,1064,Digital Marketing,5,0
3857,1235,Digital Marketing,1235,0
3994,1272,Digital Marketing,5,0
129,72,Digital Strategy,,0
822,191,Digital Strategy,,0
2675,655,Digital Strategy,,0
2900,917,Digital Testing,,0
2544,599,DISCIPLINADA,,0
882,223,Diseño de soluciones,,0
2863,724,Django,,0
3323,1095,Django,3,0
4225,1318,Django,2,0
4236,1336,Django,,0
4238,1338,Django,,0
500,147,docencia,,0
3026,992,Drafting contracts,992,0
3740,1225,Drafting contracts,1225,0
4274,1353,Drafting contracts,,0
2533,601,Dream weaver CS6,,0
397,57,Dreamweaver,,0
558,157,Dreamweaver,,0
569,158,dreamweaver,,0
2282,521,Dreamweaver,,0
3665,1183,Dreamweaver,,0
401,57,Drupal,,0
2094,508,Drupal,,0
816,171,DynaTrace,,0
2018,479,Eager to learn new things,,0
2999,989,editing,989,0
3589,1160,editing,1160,0
3846,1234,Editing ,4,0
3842,1234,edition ,,0
2742,684,education management,,0
2754,686,education management,,0
2764,689,education management,,0
2766,690,education management,,0
2769,691,education management,,0
2774,693,education management,,0
2785,700,education management,,0
2796,704,education management,,0
2929,954,eeeee,,0
318,122,E-filing,,0
586,148,E-filing,,0
2620,627,E-filing,,0
911,239,ehr,,0
4128,1298,Electrical installation ,,0
2395,559,electrical project engineer ,,0
2540,603,electrical project engineer ,,0
2652,641,electrical project engineer ,,0
2657,644,electrical project engineer ,,0
2780,697,electrical project engineer ,,0
3956,1269,electrical project engineer ,,0
4125,1298,electrical project engineer ,,0
4025,1284,Em outras áreas habilidades com vendas,,0
3321,1095,EmberJS,3,0
3079,78,Employer Branding,78,0
610,169,Emprendedora,,0
2621,627,Emprendedora,,0
611,170,emprendedora ,,0
886,223,Emprendimiento,,0
2804,714,EMV,,0
10,66,engineer,,0
2080,507,engineer,,0
2385,317,engineer,,0
2649,639,engineer,,0
1465,349,Engineering,,0
1800,444,Engineering,,0
1894,463,Engineering,,0
2527,597,Engineering,,0
4047,1285,Engineering,1285,0
433,139,English,,0
2081,507,English,,0
3376,1121,English,,0
3422,1128,English,,0
3559,1158,English,,0
3666,1183,English,,0
3757,1227,English,,0
3898,1246,English,,0
4069,1292,English,,0
3083,1008,enjoy,1008,0
1890,462,entity framework,,0
2071,504,Entrepreneurship,,0
2392,555,Entrepreneurship,,0
2659,646,Entrepreneurship,,0
3671,1183,Entrepreneurship,,0
4168,1308,Entrepreneurship,,0
2545,599,ENTUSIASTA,,0
791,209,Environmental Geotechnology,,0
656,172,Equity Research,,0
3089,1012,ergsd,,0
842,207,ERP,,0
3804,1192,ES6,4,0
3835,1233,ES6,5,20
2035,499,escritora,,0
2542,599,ESCUCHA ACTIVA,,0
4077,1292,Essay Writing,4,0
2329,551,ETL testing,,0
2519,596,ETL testing,,0
499,147,Evaluación Psicológica,,0
4122,1297,Evaluation Expert Body posture,,0
2070,504,Event Management,,0
4291,1351,EVENT MANAGEMENT,4,0
1236,314,Event Management ,,0
2307,546,Event Management ,,0
3395,1124,Event Management ,1,0
3526,1151,Event Mangement,4,0
1922,471,Event Organising,,0
3399,1125,Event Organising,,0
2394,555,Event Organization,,0
2233,519,Event Promotion,,0
2306,546,Event Promotion,,0
3560,1158,excel,,0
3963,1269,excel,,0
3986,1271,excel,,0
4269,1348,excel,,0
4307,1362,Excellent Communication And Organizational Skills.,4,0
1966,475,Experienced with  c++ & java,,0
3751,1226,express,,0
3807,1192,Expressjs,4,0
2848,720,Eye for detail and accuracy,,0
1133,312,Facebook,,0
1266,320,Facebook Insights,,0
2546,599,FACILIDAD DE APRENDIZAJE ,,0
606,169,Facilidad para adaptarme,,0
3019,998,facilitator,,0
1788,437,fast learner,,0
1828,458,fast learner,,0
1932,469,fast learner,,0
3809,1192,Feathersjs,3,0
3116,1032,fighting,,0
2030,498,film editing,,0
2272,532,film editing,,0
4111,1293,Finance,4,0
659,172,Financial due diligence,,0
301,115,financial management,,0
2501,583,financial management,,0
2589,613,financial management,,0
3378,1121,financial management,,0
551,156,Financial Planning,,0
304,115,financial research,,0
3550,1155,financial research,1155,0
784,209,Finite Element (PLAXIS 3D),,0
3500,1123,Firebase ,5,0
4118,1297,Fitness coach,,0
133,73,Flash,,0
2283,521,Flash,,0
2286,522,Flash,,0
4226,1318,Flask,2,0
3003,989,FLE,989,0
2461,570,flexibilidad,,0
2119,367,FLEXIBILITY,,0
3610,1167,Flexible,,0
3007,994,fluent in english,,0
4199,1324,fluent in english,,0
2537,601,"Font-face, Google fonts and Cross Browser",,0
1467,349,Force Control,,0
2072,504,Foreign Languages,,0
837,213,foundary,,0
783,209,Foundation Design,,0
3345,1114,Frontend developer,1114,0
2205,511,fully trained Knight,,0
2699,661,Fund Transfer Pricing,,0
3655,1182,Game Development,1182,0
1546,379,gaming,,0
2662,647,gaming,,0
665,174,Genesis Framework,,0
3623,1170,Genetics,1170,0
3628,1170,Genomics,1170,0
2901,917,Get Boarded Testing,,0
3314,1111,Ghh,2,0
3317,1111,Ghjj,5,0
3821,1192,Git,4,0
3838,1233,Git,5,23
4099,1291,Git,3,0
4224,1318,Git,3,0
1844,446,"good at C,PCB DESIGN,matlab",,0
3035,1000,good at commiunicating with children,,0
3028,1000,good at making presentations,,0
1805,449,good at maths,,0
2011,470,Good Communication,,0
1807,451,good communication and good learnning,,0
1825,458,good communication and good learnning,,0
552,155,Good communication skills,,0
1962,472,good in check thing around me,,0
1857,451,GOOD IN COMMUNICATION AND QUICK LEARNER,,0
1951,481,GOOD IN COMMUNICATION AND QUICK LEARNER,,0
1961,472,GOOD IN COMMUNICATION AND QUICK LEARNER,,0
2013,493,Good listener,,0
4166,1308,Good listener,,0
3008,994,good negotiator,,0
2159,354,Good skills in C,,0
1924,474,GOOD VERBAL AND WRITTEN COMMUNICATION ,,0
1937,470,GOOD VERBAL AND WRITTEN COMMUNICATION ,,0
537,153,GoodCommunication,,0
1938,470,GoodCommunication,,0
4083,941,GoodCommunication,941,0
1263,320,Google Analytics,,0
2604,148,Google Analytics,,0
3862,1235,Google Analytics,1235,0
2380,558,Google Tag Manager,,0
1240,316,Google Web Analytics,,0
3077,78,Google Web Analytics,78,0
3497,1123,Gradle ,4,0
3218,1089,Graphics,4,0
3197,1082,Graphics ,,0
3208,1088,Graphics ,,0
3213,1089,Graphics ,,0
2599,617,Guitarist,,0
4029,1284,Habilidades com exposições,,0
4026,1284,habilidades com vendas,,0
4024,1284,Habilidades com vistorias técnicas na área de meio ambiente urbano.,,0
4022,1284,Habilidades em laboratório de entomologia,,0
2333,551,hadoop,,0
4123,1297,Handball coach,,0
1672,417,Handling Pressure,,0
3667,1183,Handling Pressure,,0
849,200,Hard working,,0
2297,543,Hard working,,0
3476,1141,Hard working,,0
3932,1257,Hard working,,0
4050,1283,Hardware,1283,0
763,203,hardware and networking,,0
774,208,hardware and networking,,0
964,261,hardware and networking,,0
2890,910,hardware and networking,,0
1935,485,hardworking,,0
3611,1167,Hardworking,,0
3668,1183,hardworking,,0
3010,994,have sufficient team work skills,,0
912,239,healthcare mobile app,,0
2959,975,hijisosdusdj,,0
430,139,Hindi,,0
3423,1128,Hindi,,0
2550,599,HONESTA,,0
1265,320,Hootsuite,,0
819,171,HP Load Runner,,0
817,171,HP Network Virtualization (Shunra),,0
820,171,HP Performance Center,,0
2845,720,HP Quality Centre / ALM,,0
818,171,HP SiteScope,,0
3307,1109,HR Analytics ,1109,0
850,199,HR Management,,0
1013,275,HR Management,,0
2691,658,HR Management,,0
2726,675,HR Management,,0
2740,682,HR Management,,0
3587,1160,HR Management,1160,0
19,69,html,,0
390,137,html,,0
472,142,html,,0
566,158,html,,0
685,178,html,,0
692,180,html,,0
918,242,html,,0
933,249,html,,0
946,254,html,,0
965,262,html,,0
1028,279,HTML,,0
1039,283,html,,0
1041,284,html,,0
1048,286,html,,0
1059,288,html,,0
1075,292,html,,0
1078,293,html,,0
1083,294,html,,0
1087,295,html,,0
1093,297,html,,0
1099,300,html,,0
1101,301,html,,0
1106,303,html,,0
1123,310,html,,0
1441,341,html,,0
1482,356,html,,0
1493,359,html,,0
1498,361,html,,0
1514,370,Html,,0
1520,371,html,,0
1532,374,html,,0
1565,382,html,,0
1597,395,html,,0
1602,397,html,,0
1613,399,html,,0
1627,403,html,,0
1667,415,html,,0
1696,422,HTML,,0
1704,424,html,,0
1747,432,html,,0
1751,432,html,,0
1870,425,HTML,,0
1913,465,html,,0
1981,492,html,,0
2054,187,HTML,,0
2115,375,html,,0
2126,401,Html,,0
2129,384,html,,0
2248,523,html,,0
2249,523,HTML,,0
2258,527,html,,0
2489,573,HTML,,0
2733,678,html,,0
2744,685,html,,0
2783,699,html,,0
2819,715,html,,0
2830,719,html,,0
2898,916,html,,0
2924,951,html,,0
3290,1106,HTML,,0
3331,1113,html,1113,0
3436,1132,html,4,0
3470,942,HTML,942,0
3477,1141,HTML,,0
3511,1145,HTML,3,0
3516,1148,html,1148,0
3522,1150,html,1150,0
3532,1152,html,1152,0
3592,1159,HTML,4,0
3597,1164,html,,0
3598,1164,Html,1,0
3981,1271,html,,0
4254,1340,HTML,1,0
4288,1351,"HTML , CSS, XML, AJAX",3,0
3801,1192,HTML / CSS,4,0
393,57,HTML 5,,0
716,184,HTML 5,,0
854,216,HTML 5,,0
919,242,HTML 5,,0
934,249,HTML 5,,0
947,254,HTML 5,,0
966,262,HTML 5,,0
1040,283,HTML 5,,0
1042,284,HTML 5,,0
1049,286,HTML 5,,0
1060,288,HTML 5,,0
1084,294,HTML 5,,0
1442,341,HTML 5,,0
1920,476,HTML 5,,0
2259,527,HTML 5,,0
2309,547,HTML 5,,0
2318,548,HTML 5,,0
2335,552,HTML 5,,0
2488,573,HTML 5,,0
2745,685,HTML 5,,0
3332,1113,HTML 5,1113,0
3442,1134,HTML 5,,0
3462,1140,HTML 5,4,0
3493,1143,HTML 5,1143,0
3635,1173,HTML 5,4,0
4145,1303,HTML 5,,0
4314,1366,HTML 5,,
2535,601,HTML and CSS,,0
4265,1348,HTML and CSS,,0
1725,410,"HTML, CSS",,0
4287,1357,"HTML, CSS",4,0
1525,372,"HTML,CSS",,0
1475,352,html/css,,0
1508,368,HTML/CSS,,0
1553,380,html/css,,0
1570,383,html/css,,0
1583,387,html/css,,0
1645,407,html/css,,0
1683,418,html/css,,0
2092,508,html/css,,0
2169,509,html/css,,0
2260,527,html/css,,0
2784,699,html/css,,0
2866,724,HTML/CSS,,0
3902,1247,html/css,1247,0
698,181,HTML5,,0
1416,56,HTML5,,0
2215,516,HTML5,,0
3277,1004,HTML5,1,0
3881,1240,HTML5,4,0
4097,1291,HTML5,4,0
2536,601,HTML5 and CSS3,,0
3324,1112,HTML5 And CSS3,4,0
3791,1233,HTML5 and CSS3,5,2
589,162,Human Resources,,0
3377,1121,Human Resources,,0
4103,1295,Human Resources,,0
2036,499,humorista,,0
3117,1032,humour,,0
4121,1297,ICDL,,0
3054,987,ICDL 1,4,0
3057,986,ICDL 1,5,0
3055,987,ICDL 2,4,0
3058,986,ICDL 2,5,0
2763,688,iift ,,0
289,112,IIS server,,0
360,132,Illustrator,,0
399,57,Illustrator,,0
557,157,Illustrator,,0
2028,498,Illustrator,,0
2371,557,Illustrator,,0
2487,573,Illustrator,,0
2798,705,Illustrator,,0
3196,1082,Illustrator,,0
3212,1088,Illustrator,,0
3284,1004,Illustrator,2,0
3888,1240,Illustrator,4,0
878,193,Implementing systems to avoid situations like over-stocking or out-of-stock which cause production and financial losses,,0
3304,1109,Induction,1109,0
2197,502,Informática a nivel de usuario,,0
2330,551,Informatica,,0
4310,1362,Information Gathering And Management.,3,0
961,260,Information Security,,0
2653,642,Information Security,,0
603,168,Ingenieria Electrica,,0
2443,570,Iniciativa,,0
2465,570,iniciativa,,0
3828,1233,Inkscape,4,17
2806,714,installments,,0
834,215,instrumentation-Sr,,0
2809,714,integration,,0
4066,1289,integration,,0
4065,1289,Integridade,,0
3909,1249,Intellectual Property,3,0
2008,480,Interest in Digital Advertising,,0
3029,1000,interested in working with children,,0
2223,517,interior design,,0
2598,617,interior design,,0
2568,609,International Relations,,0
2238,520,internet marketing,,0
2549,599,INTUICIÓN,,0
2004,483,INVENTORY MANAGEMENT,,0
3052,1003,Investment analysis and Portfolio Management,1003,0
3320,1095,Ionic,3,0
203,85,iOs,,0
266,109,iOS,,0
281,112,ios and android,,0
181,82,iOS development,,0
313,120,iOS Development,,0
370,133,iOS development,,0
3253,1100,iOS development,1100,0
3530,1149,IOS Development,4,0
3656,1182,iOS development,1182,0
4239,1338,iOS development,,0
658,172,IPO grading,,0
729,188,IT,,0
824,191,IT,,0
2591,614,IT,,0
2606,618,IT,,0
2690,657,IT,,0
732,188,ITIL,,0
2171,509,ITIL,,0
1128,310,j2ee,,0
2826,718,J2EE,,0
3289,1106,J2EE,,0
3644,1173,j2ee,4,0
201,85,java,,0
311,120,java,,0
683,177,java,,0
710,184,java,,0
767,205,java,,0
830,214,java,,0
851,216,java,,0
914,240,java,,0
921,244,java,,0
931,248,Java,,0
937,250,java,,0
944,253,java,,0
952,256,java,,0
968,263,java,,0
978,265,java,,0
990,269,java,,0
998,271,Java,,0
1006,274,Java,,0
1016,276,java,,0
1020,277,Java,,0
1031,280,java,,0
1036,282,java,,0
1051,287,java,,0
1072,292,java,,0
1092,297,java,,0
1096,298,Java,,0
1104,302,java,,0
1109,304,java,,0
1304,321,java,,0
1328,324,java,,0
1349,332,java,,0
1438,340,java,,0
1452,344,java,,0
1461,348,java,,0
1476,352,java,,0
1492,359,java,,0
1512,370,Java,,0
1527,373,Java,,0
1544,379,java,,0
1549,380,java,,0
1568,383,java,,0
1580,386,java,,0
1584,387,java,,0
1592,392,java,,0
1596,395,java,,0
1603,397,java,,0
1612,399,java,,0
1624,402,java,,0
1628,403,java,,0
1641,407,JAVA,,0
1661,414,java,,0
1691,420,Java,,0
1752,432,java,,0
1758,433,java,,0
1791,438,java,,0
1869,425,JAVA,,0
1886,405,java,,0
2065,362,java,,0
2130,384,java,,0
2246,523,java,,0
2275,534,java,,0
2279,535,java,,0
2327,551,java,,0
2340,552,java,,0
2517,596,java,,0
2723,674,java,,0
2728,676,java,,0
2767,690,java,,0
2828,719,java,,0
2922,951,java,,0
2956,974,java,,0
3125,1036,java,,0
3268,1104,java,,0
3295,1106,java,,0
3329,1113,java,1113,0
3342,1114,Java,1114,0
3349,1115,java,1115,0
3353,1116,Java,4,0
3355,1108,Java,4,0
3367,1119,java,2,0
3385,1123,java,1123,0
3435,1132,java,4,0
3441,1134,java,,0
3454,1137,java,,0
3466,1140,java,3,0
3487,1142,java,1142,0
3491,1143,java,1143,0
3507,1145,Java,3,0
3515,1148,java,1148,0
3535,1152,java,1152,0
3634,1173,java,4,0
3799,1233,Java,1,9
3876,1239,java,,0
3901,1247,java,1247,0
3980,1271,java,,0
4088,1291,Java,4,0
4242,1338,java,,0
4294,1355,Java,3,0
4297,1359,java,,0
3651,1182,Java ,1182,0
4144,1303,Java ,,0
4193,1320,Java ,4,0
3816,1192,Java (Android),3,0
1720,378,JAVA BASICS,,0
1774,421,Java Basics,,0
2865,724,Java Script,,0
2923,951,java script,,0
3472,942,Java Script,942,0
3459,1139,Java Swing,1139,0
1561,382,java.SQL,,0
3370,1119,Javafx,,0
286,112,Javascript,,0
389,137,Javascript,,0
667,174,Javascript,,0
690,179,Javascript,,0
695,180,Javascript,,0
715,184,Javascript,,0
831,214,Javascript,,0
856,216,Javascript,,0
915,240,Javascript,,0
926,246,Javascript,,0
979,265,Javascript,,0
1032,280,Javascript,,0
1105,302,Javascript,,0
1124,310,Javascript,,0
1325,323,Javascript,,0
1329,324,Javascript,,0
1350,332,Javascript,,0
1417,56,Javascript,,0
1428,337,Javascript,,0
1440,340,Javascript,,0
1451,344,Javascript,,0
1462,348,Javascript,,0
1477,352,javascript,,0
1519,370,Javascript,,0
1569,383,Javascript,,0
1684,418,Javascript,,0
1703,424,javascript,,0
2024,497,Javascript,,0
2105,401,Javascript,,0
2170,509,Javascript,,0
2247,523,Javascript,,0
2263,529,Javascript,,0
2277,534,Javascript,,0
2280,535,Javascript,,0
2311,547,Javascript,,0
2341,552,Javascript,,0
2492,573,Javascript,,0
2718,672,Javascript,,0
2727,676,Javascript,,0
2768,690,Javascript,,0
2954,974,Javascript,,0
3294,1106,javascript,,0
3327,1112,Javascript,3,0
3336,1113,Javascript,1113,0
3444,1134,Javascript,,0
3464,1140,Javascript,3,0
3479,1141,Javascript,,0
3518,1148,JavaScript,1148,0
3536,1152,Javascript,1152,0
3600,1164,Javascript,2,0
3637,1173,Javascript,4,0
3782,1231,Javascript,1231,0
3790,1233,Javascript,5,0
3803,1192,Javascript,4,0
3983,1271,Javascript,,0
4094,1291,Javascript,4,0
3905,1247,javascript(basics),1247,0
4147,1303,javascript(basics),,0
1466,349,Jedi Combats,,0
4160,1306,JIRA,4,0
808,171,JMeter,,0
283,112,joomla,,0
400,57,Joomla,,0
810,171,JProfiler,,0
394,57,jQuery,,0
565,158,jQuery,,0
832,214,jQuery,,0
980,265,jQuery,,0
1330,324,jQuery,,0
1351,332,jQuery,,0
1415,56,jQuery,,0
1453,344,jQuery,,0
1463,348,jQuery,,0
2312,547,jQuery,,0
2493,573,jQuery,,0
2748,685,jQuery,,0
3082,1009,jQuery,,0
3282,1004,Jquery,2,0
3326,1112,JQuery,3,0
3469,1140,jQuery,2,0
3473,942,jquery,942,0
3638,1173,jQuery,4,0
3732,1222,Jquery,,0
4095,1291,Jquery,4,0
2538,601,"Jquery, JSON and JavaScript",,0
21,69,js,,0
177,80,JS,,0
1030,280,js,,0
1439,340,js,,0
3883,1240,JS ,4,0
3455,1137,json,,0
3084,1008,Juik Jjuhu,1008,0
1264,320,Kissmetrics,,0
1977,487,"Knowledge about C, Java",,0
1957,486,Knowledge in Adobe Photoshop CS5,,0
892,226,Líder- inspirador,,0
3884,1240,LAMP,4,0
480,144,language expert,,0
481,145,language expert,,0
483,145,language expert,,0
3819,1192,Laravel,1,0
348,129,Law,,0
1347,330,Law,,0
3755,1227,Law,,0
2979,988,leader ship,,0
347,129,Leadership,,0
421,138,Leadership,,0
591,162,Leadership,,0
1670,417,Leadership,,0
1911,465,Leadership,,0
1921,476,Leadership,,0
1948,481,Leadership,,0
1984,466,Leadership,,0
2871,726,Leadership,,0
2981,988,leadership,,0
3204,1085,Leadership,,0
3263,1103,Leadership,4,0
3373,1121,Leadership,,0
3397,1125,Leadership,,0
3645,1173,Leadership,,0
3657,1183,Leadership,,0
3951,1264,Leadership,,0
4215,1328,Leadership,,0
4276,1353,Leadership,,0
349,129,Legal,,0
3756,1227,Legal,,0
4206,1325,Legal Documents Preparation,4,0
3907,1249,Legal Drafting,4,0
4202,1325,Legal Drafting,5,0
533,152,Legal Research,,0
3739,1225,Legal Research,1225,0
3908,1249,Legal Research,4,0
4201,1325,Legal Research,5,0
4214,1328,Legal Research,,0
4212,1328,Legal Research ,,0
4203,1325,Legal Writing,4,0
2467,570,lenguas extranjeras,,0
495,147,Liderazgo de equipos,,0
2211,513,Liderazgo de equipos,,0
4120,1297,Lifesaving,,0
4195,1320,Linux,4,0
3837,1233,Linux Servers,3,21
3820,1192,Linux Servers (Hosting),3,0
4076,1292,Literary Criticism,4,0
1820,457,logic design,,0
2687,656,logic design,,0
2484,572,Logical Thinking,,0
3661,1183,Logical Thinking,,0
4139,1300,Logical Thinking,,0
2596,617,Logo Designer,,0
3120,1033,Logo Designing,,0
2023,497,lots of mad skills,,0
4126,1298,Low voltage designer,,0
608,169,Luchadora,,0
905,230,Mac,,0
3785,1232,Mac OS X,4,0
3779,1231,machine learning,1231,0
4196,1324,machine learning,,0
4209,1326,machine learning,,0
4221,1318,Machine Learning,3,0
4241,1338,machine learning,,0
4243,1339,Machine Learning,4,0
4256,1343,machine learning,,0
4262,1348,machine learning,,0
4250,1340,Machine Learning ,2,0
1121,309,MAD executive,,0
713,184,magento,,0
860,216,magento,,0
4091,1291,Magento,3,0
554,155,Maintaining relationship with Ex clients ,,0
2643,616,Maintenance,,0
4045,1285,Maintenance Management,1285,0
346,129,Management,,0
525,151,Management,,0
748,186,Management,,0
760,201,Management,,0
985,267,Management,,0
1012,275,Management,,0
1116,307,Management,,0
1434,338,Management,,0
1470,350,Management,,0
1895,463,Management,,0
2077,505,Management,,0
2646,616,Management,,0
2689,657,Management,,0
3372,1121,Management,,0
3392,1064,Management,5,0
3398,1125,Management,,0
3551,1155,Management,1155,0
3966,1270,Management,,0
3974,1270,Management,3,0
4046,1285,Management,1285,0
757,199,managing skills,,0
758,200,managing skills,,0
759,201,managing skills,,0
986,267,managing skills,,0
1117,307,managing skills,,0
1334,325,managing skills,,0
1446,342,managing skills,,0
2499,582,managing skills,,0
2712,669,managing skills,,0
2725,675,managing skills,,0
2782,698,managing skills,,0
2791,703,managing skills,,0
3123,1034,managing skills,,0
3203,1085,managing skills,,0
2005,483,MANAGING WORKFORCE,,0
292,113,manual test,,0
762,202,manual test,,0
765,204,manual test,,0
829,213,manual test,,0
1460,347,manual test,,0
1830,459,manual test,,0
755,197,Manufacturing,,0
756,198,Manufacturing,,0
761,202,Manufacturing,,0
764,204,Manufacturing,,0
827,212,Manufacturing,,0
828,213,Manufacturing,,0
1459,347,Manufacturing,,0
2781,698,Manufacturing,,0
125,72,Market Research,,0
300,115,Market research,,0
676,175,Market Research,,0
1971,468,Market Research,,0
2044,501,Market Research,,0
2271,531,Market Research,,0
2552,604,Market Research,,0
2642,637,Market Research,,0
302,115,market strategy,,0
826,211,market strategy,,0
126,72,Marketing,,0
168,79,Marketing,,0
314,121,marketing,,0
427,139,Marketing,,0
581,162,Marketing,,0
582,163,Marketing,,0
677,175,Marketing,,0
747,186,Marketing,,0
769,206,marketing,,0
825,211,Marketing,,0
1333,325,Marketing,,0
1445,342,Marketing,,0
1995,478,Marketing,,0
1997,472,marketing,,0
2003,483,MARKETING,,0
2237,520,Marketing,,0
2498,582,Marketing,,0
2553,604,Marketing,,0
2640,637,Marketing,,0
3261,1101,Marketing,2,0
3387,1064,Marketing,5,0
3394,1124,Marketing,1,0
3391,1064,Marketing Communication,5,0
3503,1144,Marketing Communication,,0
4169,1306,Marketing Communikation,4,0
902,230,Marketing en Nutrición,,0
1245,316,marketing online,,0
3259,1101,marketing online,,0
3504,1144,marketing online,,0
124,72,Marketing Strategy,,0
517,150,Marketing Strategy,,0
524,151,Marketing Strategy,,0
675,175,Marketing Strategy,,0
984,267,Marketing Strategy,,0
1011,275,Marketing Strategy,,0
1115,307,Marketing Strategy,,0
1246,316,Marketing Strategy,,0
1346,329,Marketing Strategy,,0
1356,333,Marketing Strategy,,0
2040,500,Marketing Strategy,,0
2045,501,Marketing Strategy,,0
2235,519,Marketing Strategy,,0
2270,531,Marketing Strategy,,0
2551,604,Marketing Strategy,,0
2641,637,Marketing Strategy,,0
3502,1144,Marketing Strategy,,0
3505,1144,Marketing Strategy,,0
3548,1155,Marketing Strategy,1155,0
3119,1032,martial arts,,0
497,147,Materia Psicología General,,0
896,227,Material managment(SAP),,0
1673,417,Mathematics,,0
3424,1128,Mathematics,,0
3561,1158,Mathematics,,0
1847,460,matlab,,0
1848,460,matlab,,0
1858,456,MATLAB,,0
1862,460,matlab,,0
1843,444,matlab ,,0
3958,1269,matlab ,,0
3987,1271,matlab ,,0
4135,1300,matlab ,,0
4198,1324,matlab ,,0
1839,454,MATLAB  - 3,,0
1822,458,Matlab Beginner ,,0
1850,460,Matlab Beginner ,,0
1408,336,MBA HR,,0
846,203,MCSE,,0
3885,1240,MEAN,2,0
3299,1100,MEAN Stack,3,0
2609,620,mechanical,,0
2693,659,mechanical,,0
3241,1096,media and public relations,,0
3910,1249,Media Laws ,5,0
2206,511,mediator,,0
885,223,Mejora continua,,0
890,226,Mente Creativa,,0
1795,442,micro processor,,0
604,168,Microchips,,0
1790,438,MICROCONTROLLER,,0
3830,1233,Microcontroller,3,19
1818,456,microproccesor,,0
1815,455,Microprocessor,,0
1845,450,"microprocessor programming,good at maths",,0
2114,375,microsoft excel,,0
2507,585,microsoft excel,,0
2841,720,Microsoft Excel,,0
3407,1125,microsoft excel,,0
1994,490,Microsoft Excel Specialist,,0
1946,488,Microsoft expert,,0
1979,492,Microsoft expert,,0
122,72,Microsoft Office,,0
572,159,Microsoft Office,,0
1302,321,Microsoft Office,,0
1873,425,Microsoft office,,0
1949,481,Microsoft Office,,0
1972,199,Microsoft Office,,0
2506,585,Microsoft Office,,0
2822,716,Microsoft Office,,0
2992,991,Microsoft Office,,0
3034,1000,Microsoft Office,,0
3053,1003,Microsoft office,1003,0
3708,1216,Microsoft Office,2,0
3754,1227,Microsoft Office,,0
3789,1232,Microsoft Office,4,0
3962,1269,Microsoft Office,,0
4107,1296,Microsoft Office,3,0
4134,1300,Microsoft Office,,0
4204,1325,Microsoft Office,5,0
1985,466,Microsoft Office ,,0
1380,335,Microsoft Office: Microsoft Word,,0
1899,464,Microsoft Office: Microsoft Word,,0
1907,465,Microsoft Office: Microsoft Word,,0
1915,476,Microsoft Office: Microsoft Word,,0
1942,487,Microsoft Office: Microsoft Word,,0
1952,489,Microsoft Office: Microsoft Word,,0
1973,473,Microsoft Office: Microsoft Word,,0
2445,570,Microsoft Office: Microsoft Word,,0
2509,585,Microsoft Office: Microsoft Word,,0
3031,1000,Microsoft Office: Microsoft Word,,0
3403,1125,Microsoft Office: Microsoft Word,,0
3606,1166,Microsoft Office: Microsoft Word,,0
903,230,"Microsoft Office: Microsoft Word, Excel, Power Point, Outlook Express",,0
2180,509,microsoft powerpoint,,0
2508,585,microsoft powerpoint,,0
2842,720,Microsoft Powerpoint,,0
3408,1125,microsoft powerpoint,,0
2481,572,Mircrosoft Office,,0
426,139,mobile accessories,,0
4151,1306,Mobile Marketing,4,0
2038,499,modelo,,0
3433,1133,MongoDB,,0
3704,1213,MongoDB,1,0
3748,1226,MongoDB,,0
3797,1233,MongoDB,3,7
3198,1083,Motion graphics designer,,0
3266,1083,Motion Graphics Designer,3,0
2049,187,Ms excel,,0
3525,1151,MS Excel,3,0
3602,1165,Ms excel,,0
3859,1235,Ms excel,1235,0
3938,1259,Ms excel,,0
3943,1264,Ms excel,,0
4106,1295,Ms Excel,2,0
3928,1255,Ms- Excel,4,0
3895,1246,Ms excel ,,0
2000,201,MS office,,0
2001,201,MS office,,0
2644,616,MS office,,0
3562,1158,MS office,,0
3594,1161,MS Office,3,0
3603,1165,MS office,,0
3697,1205,MS office,,0
3995,1272,MS office,4,0
4140,1301,MS office,,0
4161,1306,MS office,5,0
4165,1307,Ms Office,1,0
4177,1316,MS office,,0
4232,1331,MS office,,0
4104,1295,MS Ofiice,2,0
3527,1151,MS Power Point,3,0
3563,1158,MS Power Point,,0
3858,1235,MS Power Point,1235,0
3896,1246,MS Power Point,,0
3918,1254,MS Power Point,,0
3925,1255,MS Power Point,4,0
3945,1264,MS Power Point,,0
671,174,MS SQL,,0
3564,1158,ms word,,0
3687,1194,Ms word,1194,0
3860,1235,ms word,1235,0
3897,1246,ms word,,0
3919,1254,ms word,,0
3926,1255,ms word,4,0
3937,1259,ms word,,0
3944,1264,ms word,,0
4105,1295,MS Word,2,0
291,112,Ms-Acess,,0
3094,1017,Ms-Acess,,0
321,122,MS-Excel,,0
584,148,MS-Excel,,0
2344,552,MS-Excel,,0
3917,1254,MS-Excel,,0
322,122,MS-office,,0
585,148,MS-office,,0
2345,552,MS-office,,0
2387,317,MS-office,,0
3591,1159,MS-Office,4,0
4175,1311,MS-office ,2,0
2823,717,MS-office certified,,0
3364,1118,Multitasking,,0
3968,1270,Multitasking,,0
1430,337,MVC,,0
1888,462,MVC,,0
2057,187,MVC,,0
3743,1226,MVC,,0
2927,951,my sql,,0
3292,1106,My Sql,,0
3354,1116,MY Sql,4,0
352,130,mysql,,0
396,57,MySQL,,0
563,158,mysql,,0
672,174,mysql,,0
696,180,mysql,,0
1103,301,mysql,,0
1421,56,MySQL,,0
1552,380,mysql,,0
2339,552,mysql,,0
2750,685,mysql,,0
2937,958,mysql,,0
3350,1115,mysql,1115,0
3446,1134,mysql,,0
3465,1140,mysql,4,0
3642,1173,mysql,4,0
3861,1235,mysql,1235,0
4090,1291,MySQL,4,0
600,166,Naves,,0
2469,570,negociación,,0
1473,350,Negotiation,,0
2207,511,Negotiation,,0
4110,1293,Negotiations,4,0
1037,282,networking,,0
1853,444,networking,,0
1933,469,networking,,0
2251,524,networking,,0
2292,539,networking,,0
2805,714,NFC,,0
3622,1170,NGS,1170,0
1418,56,Node JS,,0
2953,974,Node JS,,0
3741,1226,Node JS,,0
3318,1095,NodeJs,4,0
3702,1213,NodeJs,,0
3793,1233,NodeJs,5,3
3805,1192,Nodejs,4,0
3798,1233,Node-red,4,8
3813,1192,"NoSQL (Mongo, Redis, ..)",4,0
2117,367,NOTE TAKING,,0
3866,1236,numeric skills (B Maths),4,0
3529,1149,Objective -C,4,0
2698,661,OFSAA,,0
1241,316,Omniture,,0
2177,509,Omniture,,0
3076,78,Omniture,78,0
3303,1109,On boarding ,1109,0
3059,976,One,1,0
340,127,Online Lead Generation,,0
2305,546,Online Lead Generation,,0
121,72,Online Marketing,,0
169,79,On-line Marketing,,0
1551,380,OOPS,,0
2862,724,OpenCV,,0
4189,1322,OpenCV,,0
170,79,Operations,,0
2308,544,Operations,,0
4113,1293,Operations,5,0
605,169,Optimista ,,0
2503,584,Optimista ,,0
2463,570,optimización de los procesos,,0
287,112,Oracle,,0
771,207,Oracle,,0
925,246,Oracle,,0
932,248,oracle,,0
969,263,Oracle,,0
1005,273,Oracle,,0
1064,289,Oracle,,0
1069,291,Oracle,,0
1073,292,Oracle,,0
2256,526,Oracle,,0
2278,535,Oracle,,0
2500,583,Oracle,,0
2700,661,Oracle database,,0
3641,1173,Oracle database,4,0
3972,1270,organising,,0
2350,554,Organizada,,0
2449,570,Organizada,,0
592,162,Organizational Design,,0
997,270,Organizational Design,,0
2980,988,organizer,,0
1903,464,outdoor marketing,,0
2820,716,outdoor marketing,,0
2547,599,PACIENCIA,,0
3230,1096,paintings,,0
3236,1096,paintings,,0
4115,1293,Partnerships,5,0
2037,499,payasa,,0
2808,714,payment processing softwares,,0
891,226,Pensamiento de amplio espectro,,0
2639,636,Pensamiento de amplio espectro,,0
2455,570,pensamiento práctico,,0
3713,1217,people management,1217,0
491,146,Performance Management,,0
3305,1109,Performance Management,1109,0
792,210,Performance Testing,,0
811,171,Performance Testing,,0
907,238,Performance Testing,,0
1517,370,Perl,,0
1572,383,PERL,,0
2228,518,Personal Branding,,0
2694,659,Personal Branding,,0
3078,78,Personal Branding,78,0
3709,1216,Petroleum And Geology Software’s,3,0
1419,56,PhoneGap/Apache Cordova,,0
1261,318,Photo and Film Editing - Amateur,,0
1968,475,Photo and Film Editing - Amateur,,0
1301,321,Photography,,0
1834,459,Photography,,0
1970,475,Photography,,0
2029,498,Photography,,0
2993,991,Photography,,0
3215,1089,Photography,,0
3840,1234,Photography,,0
1260,318,Photography Level Amateur,,0
1271,319,Photography Level Amateur,,0
2314,547,Photography Level Amateur,,0
130,73,Photoshop,,0
325,123,photoshop,,0
359,132,Photoshop,,0
403,57,Photoshop,,0
556,157,Photoshop,,0
570,158,Photoshop,,0
700,181,Photoshop,,0
705,182,Photoshop,,0
871,220,Photoshop,,0
874,221,Photoshop,,0
959,259,Photoshop,,0
993,269,Photoshop,,0
1003,273,Photoshop,,0
1027,279,Photoshop,,0
1066,290,Photoshop,,0
1098,299,Photoshop,,0
1108,303,Photoshop,,0
1126,310,Photoshop,,0
1928,484,Photoshop,,0
2027,498,Photoshop,,0
2281,521,Photoshop,,0
2284,522,Photoshop,,0
2390,317,Photoshop,,0
2486,573,Photoshop,,0
2513,585,Photoshop,,0
3211,1088,Photoshop,,0
3276,1004,Photoshop,4,0
3418,1128,Photoshop,,0
3557,1158,Photoshop,,0
3822,1192,Photoshop,3,0
3826,1233,Photoshop,5,15
4191,1322,Photoshop,,0
2370,557,Photoshop ,,0
3844,1234,photoshop ,,0
3845,1234,Photoshop ,4,0
2534,601,Photoshop CS6,,0
2797,705,Photoshop CS6,,0
3887,1240,Photshop,5,0
20,69,php,,0
175,80,PHP,,0
280,112,php,,0
296,114,PHP,,0
351,130,PHP,,0
357,132,php,,0
402,57,PHP,,0
666,174,PHP,,0
673,173,PHP,,0
684,178,php,,0
936,249,php,,0
938,250,php,,0
955,257,php,,0
992,269,php,,0
1019,276,php,,0
1022,277,php,,0
1026,279,php,,0
1033,281,php,,0
1038,282,php,,0
1044,284,php,,0
1052,287,php,,0
1057,288,php,,0
1065,290,php,,0
1074,292,php,,0
1086,294,php,,0
1088,295,php,,0
1094,297,php,,0
1097,299,php,,0
1102,301,php,,0
1107,303,php,,0
1327,323,php,,0
1422,56,PHP,,0
1444,341,php,,0
1516,370,PHP,,0
1640,407,PHP,,0
1702,424,php,,0
2056,187,PHP,,0
2137,408,PHP,,0
2141,409,PHP,,0
2338,552,php,,0
2398,561,php,,0
2749,685,php,,0
2816,715,php,,0
2875,726,php,,0
2902,919,php,,0
2936,958,php,,0
2939,959,php,,0
2946,972,php,,0
3081,1009,php,,0
3097,1019,php,,0
3126,1036,php,,0
3293,1106,php,,0
3312,1110,php,,0
3328,1112,PHP,4,0
3335,1113,php,1113,0
3412,1126,PHP,,0
3425,1129,PHP,,0
3426,1130,PHP,,0
3474,942,php,942,0
3481,1141,php,,0
3508,1145,Php,3,0
3614,1168,php,,0
3689,1196,PHP,,0
3722,1220,php,,0
3802,1192,PHP,4,0
3874,1238,php,,0
3891,1243,PHP,,0
3892,1244,php,,0
4068,1126,PHP,4,0
4079,1288,php,1288,0
4086,1291,PHP,4,0
2135,368,PHP (basics),,0
3904,1247,PHP (basics),1247,0
2108,374,PHP Basics,,0
3531,1152,PHP Basics,1152,0
3890,1242,PHP Basics,,0
2881,728,"php, Mysql, Jquery, Ajax, Css, Wordpress",,0
284,112,PHP/MYSQL,,0
466,141,PHP/MYSQL,,0
470,142,PHP/MYSQL,,0
512,149,PHP/MYSQL,,0
697,181,PHP/MYSQL,,0
956,257,PHP/MYSQL,,0
1571,383,PHP/MYSQL,,0
2104,401,PHP/MYSQL,,0
2864,724,Php/MySQL,,0
2952,974,PHP/MYSQL,,0
3310,1110,PHP/MYSQL,,0
3796,1233,PHP/MYSQL,4,6
4210,1326,PHP/MYSQL,,0
4300,1359,PHP/MYSQL,,0
1464,349,Pilot,,0
899,229,pl sql,,0
1070,291,pl sql,,0
1004,273,pl/sql,,0
1010,274,pl/sql,,0
1449,343,pl/sql,,0
2262,529,pl/sql,,0
3001,989,planning,989,0
3553,1155,planning,1155,0
836,215,PLC,,0
2702,662,PLC,,0
913,239,pmp,,0
2569,609,Policy Analysis,,0
2208,511,political sciences,,0
2579,609,political sciences,,0
3774,1228,Polysomnography,5,0
4063,1287,POS,,0
2017,479,positive attitude,,0
4220,1321,PostgreSQL,4,0
4268,1348,PostgreSQL,,0
2198,502,Power Point,,0
3965,1269,Power Point,,0
3985,1271,Power Point,,0
1987,478,PR,,0
1860,439,practical thinking,,0
2304,546,practical thinking,,0
3894,1245,practical thinking,1245,0
2647,616,Practical work and Repairing,,0
2803,714,prepaid,,0
2348,553,Presales,,0
3232,1096,presentation skills,,0
3238,1096,presentation skills,,0
3950,1264,presentation skills,,0
2473,570,presupuesto,,0
883,223,Proactividad,,0
2210,513,Proactividad,,0
2444,570,Proactividad,,0
2454,570,proactividad,,0
3452,1137,problem solving,,0
2060,187,Process optimisation,,0
879,193,Procurement of Materials at right time at right cost from right vendor,,0
3068,1007,Product Development,1007,0
3674,1185,Product Development,,0
2497,581,product manager,,0
3673,1185,product manager,,0
2178,509,Proficiency in Excel,,0
2009,477,"Proficiency in Excel, microsoft word,microsoft powerpoint",,0
1685,376,proggramming,,0
2346,553,Program Management,,0
1816,455,Programmer,,0
3380,1121,Programmer,,0
1837,441,Programming,,0
2294,540,Programming,,0
2303,546,Programming,,0
3195,1082,Programming,,0
3554,1154,Programming,1154,0
4109,1296,Programming,3,0
1255,318,Programming - C++,,0
1303,321,Programming - C++,,0
1823,458,Programming - C++,,0
2391,317,Programming - C++,,0
3066,1006,Programming - C++,,0
3245,1098,Programming - C++,,0
3255,1100,Programming - C++,1100,0
3447,1135,Programming - C++,,0
1606,398,programming c ,,0
1698,423,programming c ,,0
1799,444,programming c ,,0
1824,458,programming c ,,0
2886,907,programming c ,,0
3244,1098,programming c ,,0
1808,452,Programming in C,,0
2112,375,Programming in C,,0
1809,452,Programming in c++ and basic java,,0
2113,375,Programming in c++ and basic java,,0
2701,662,Programming in c++ and basic java,,0
1375,335,Project management,,0
2039,500,Project management,,0
2048,187,Project management,,0
2393,555,Project Management,,0
2494,574,Project management,,0
2873,726,Project management,,0
3067,1006,Project management,,0
3582,1160,project management,1160,0
4048,1285,Project Management,1285,0
812,171,Project Planning,,0
1376,335,Project Planning,,0
2741,683,Project Planning,,0
3630,1170,Proteomics,1170,0
2532,601,PSD to HTML conversion,,0
494,147,Psicología,,0
496,147,Psicología Cognitiva,,0
493,147,Psicoterapia,,0
178,81,Public Relations,,0
422,138,Public Relations,,0
1235,314,Public Relations,,0
1833,459,Public Relations,,0
2006,483,PUBLIC RELATIONS,,0
2074,504,Public Relations,,0
3231,1096,public speaker,,0
3237,1096,public speaker,,0
1923,471,Public Speaking,,0
2002,478,Public Speaking,,0
2073,504,Public Speaking,,0
2580,609,Public Speaking,,0
3216,1089,Public Speaking,,0
4216,1328,Public Speaking,,0
3772,1228,Pulmonary Diseases,5,0
3760,1228,Pulmonologist,,0
595,165,Puntualidad,,0
1326,323,python,,0
2870,724,Python,,0
2955,974,python,,0
3257,1100,python,1100,0
3498,1123,Python,4,0
3509,1145,Python,2,0
3650,1182,Python,1182,0
3899,1247,python,1247,0
3978,1271,python,,0
4087,1291,Python,2,0
4137,1300,python,,0
4190,1322,python,,0
4194,1320,Python,4,0
4208,1326,python,,0
4218,1321,Python,5,0
4231,1331,python,,0
4234,1336,Python,,0
4237,1338,python,,0
4245,1339,Python,3,0
4251,1340,Python,2,0
4257,1343,python,,0
4261,1348,python,,0
4281,1356,Python,3,0
4285,1357,Python,4,0
4296,1359,python,,0
1864,454,python - Beginner,,0
3620,1170,python - Beginner,1170,0
4290,1351,"PYTHON, PHP,ML,JS ",2,0
4233,1333,Python/Django Web Developer,3,0
3999,1273,qa,,0
4227,1318,Qt,2,0
2840,720,QTP / UFT,,0
815,171,Quality Center,,0
2181,509,Quality Center,,0
2523,596,Quality Center,,0
3287,1105,quick learner,,0
3411,1125,quick learner,,0
3475,1141,quick learner,,0
3613,1167,Quick Learner,,0
4002,1275,Qwqwwqw,1,0
4000,1275,Qwwq,3,0
576,159,R language,,0
3621,1170,R language,1170,0
3296,1106,R programming,3,0
4136,1300,R programming,,0
4219,1321,R Programming,4,0
2451,570,rápido aprendizaje,,0
1469,349,Racer,,0
3832,1192,React,1,0
3703,1213,react native,,0
3833,1192,React Native,1,0
2221,517,real estate consulting,,0
3940,1261,Reasearch,5,0
3302,1109,Recruitment,1109,0
3382,1121,Recruitment,3,0
2459,570,relaciones internacionales,,0
2222,517,renovations,,0
809,171,Requirement Analysis,,0
2778,695,Requirement Analysis,,0
2793,703,Requirement Analysis,,0
2812,714,requirement gathering,,0
2576,609,research,,0
2732,677,research,,0
3018,998,research,,0
3056,987,Research,4,0
3552,1155,research,1155,0
4273,1353,research,,0
3000,989,Research and analysis,989,0
4200,1324,Research and analysis,,0
2994,986,Research/ Translation/ Interpretation,986,0
1258,318,Researcher - UX Designs,,0
596,165,Responsable,,0
2616,625,Responsable,,0
609,169,Responsable ,,0
612,170,responsable ,,0
3280,1004,RESPONSIVE WEB DESIGNER,4,0
4093,1291,Rest Api,4,0
3752,1226,RestFul API,,0
3794,1233,RestFul API,4,4
2007,483,REVENUE ANALYSIS,,0
3419,1128,revit ,,0
2807,714,rewards,,0
3555,1154,Robotics,1154,0
787,209,Rock Mechanics,,0
3501,1123,Ruby,2,0
2876,726,ruby on rails,,0
3118,1032,russian languages,,0
3004,993,sad,,0
3763,972,Sads,5,0
167,79,Sales,,0
424,139,Sales,,0
526,151,Sales,,0
770,206,Sales,,0
1015,275,Sales,,0
1119,309,Sales,,0
1332,325,Sales,,0
1344,329,Sales,,0
1896,463,Sales,,0
2078,505,Sales,,0
2269,531,Sales,,0
2274,533,Sales,,0
2556,604,Sales,,0
2617,625,Sales,,0
2623,628,Sales,,0
3401,1125,Sales,,0
4117,1293,Sales,5,0
428,139,sales representative,,0
1120,309,sales representative,,0
1331,325,sales representative,,0
1345,329,sales representative,,0
773,207,SAP,,0
847,202,SAP,,0
866,218,SAP,,0
894,227,SAP,,0
785,209,SAP 2000,,0
2682,655,SAS,,0
2217,516,sass,,0
730,188,SCCM,,0
3092,1015,SCCM,,0
2658,645,science and technology,,0
3836,1233,Scrum,4,22
3824,1192,Scrum Master,3,0
4084,941,Sdfgsdfgsdfg,941,0
3691,1199,sds,,0
3544,1153,search engine optimization,1153,0
963,260,Security Governance,,0
4101,1291,Selenium,2,0
1669,417,Self-Confidence,,0
4158,1306,SEM Expert,4,0
975,264,Senior Seo Executive,,0
338,127,SEO,,0
706,183,SEO,,0
875,222,SEO,,0
1131,312,SEO,,0
1239,316,SEO,,0
2239,520,SEO,,0
2377,558,SEO,,0
3583,1160,SEO,1160,0
3825,1192,SEO,4,0
3947,1264,SEO,,0
977,264,Seo Expert,,0
976,264,Seo Professional,,0
3627,1170,Sequence analysis,1170,0
731,188,Service Delivery,,0
838,212,shift incharge,,0
3234,1096,singing,,0
134,73,Sketching,,0
1929,484,Sketching,,0
3417,1128,Sketching,,0
3421,1128,Sketchup,,0
3868,1204,Skill 1,1,0
3869,1204,Skill 2,2,0
3870,1204,Skill 3,3,0
3871,1204,Skill 4,4,0
3872,1204,Skill 5,5,0
3724,1220,Skill One Updated,3,0
3725,1220,Skill Two,4,0
4162,1306,Slack,5,0
1132,312,SMO,,0
3893,1245,smooth operator,1245,0
2504,584,social,,0
127,72,Social Media,,0
521,150,Social Media,,0
982,266,Social Media,,0
1067,290,Social Media,,0
1354,333,Social Media,,0
2069,504,Social Media,,0
2082,507,Social Media,,0
2625,629,Social Media,,0
2203,510,Social Media Hiring,,0
2302,545,Social Media Hiring,,0
339,127,Social Media Management,,0
522,150,Social Media Management,,0
3217,1089,Social Media Management,,0
4192,1322,Social Media Management,,0
119,72,Social Media Marketing,,0
520,150,Social Media Marketing,,0
1232,314,Social Media Marketing,,0
1554,381,Social Media Marketing,,0
1992,478,Social Media Marketing,,0
2095,508,Social Media Marketing,,0
2389,317,Social Media Marketing,,0
2622,628,Social Media Marketing,,0
3272,1104,Social Media Marketing,,0
3389,1064,Social Media Marketing,5,0
3543,1153,Social Media Marketing,1153,0
3567,1158,Social Media Marketing,,0
3679,1187,Social Media Marketing,,0
4157,1306,Social Media Marketing,4,0
2236,519,Social Media Strategy,,0
2075,504,Social Networking,,0
350,129,Social Networks,,0
523,150,Social Networks,,0
11,66,software,,0
823,191,software,,0
1000,272,software,,0
1045,285,software,,0
1068,291,software,,0
1118,308,software,,0
1447,343,software,,0
2561,607,software,,0
2567,608,software,,0
2581,610,software,,0
2584,611,software,,0
2588,612,software,,0
2592,614,software,,0
2607,619,software,,0
2612,623,software,,0
2630,633,software,,0
2632,634,software,,0
2663,648,software,,0
2665,649,software,,0
2667,650,software,,0
2670,652,software,,0
2696,660,software,,0
2790,702,software,,0
2800,713,software,,0
4049,1283,Software,1283,0
1555,381,Software development,,0
2051,187,Software development,,0
2076,505,Software development,,0
2559,606,Software development,,0
2562,607,Software development,,0
2565,608,Software development,,0
2582,610,Software development,,0
2585,611,Software development,,0
2605,618,Software development,,0
2628,631,Software development,,0
2633,634,Software development,,0
2650,640,Software development,,0
2654,642,Software development,,0
2656,643,Software development,,0
2666,649,Software development,,0
2668,650,Software development,,0
2669,651,Software development,,0
2672,653,Software development,,0
2695,659,Software development,,0
2697,660,Software development,,0
2889,910,Software development,,0
1662,414,software testing,,0
2288,537,software testing,,0
2560,606,software testing,,0
2563,607,software testing,,0
2566,608,software testing,,0
2583,610,software testing,,0
2586,611,software testing,,0
2608,619,software testing,,0
2613,623,software testing,,0
2627,631,software testing,,0
2631,633,software testing,,0
2651,640,software testing,,0
2655,643,software testing,,0
2664,648,software testing,,0
2671,652,software testing,,0
2673,654,software testing,,0
3593,1161,software testing,,0
789,209,Soil dynamics,,0
788,209,Soil Improvement Techniques,,0
775,209,Soil Mechanics,,0
782,209,Soil Mechanics,,0
2813,714,solution design,,0
2151,353,"Sounding working knowledge in c,Good knowledge of c++,DBMS concepts,Computer networking,Computer Graphics and HTML",,0
429,139,Spanish,,0
1248,316,speaker,,0
3205,1085,speaker,,0
3669,1183,speaker,,0
839,212,Sponge Iron quality and maintenance,,0
1792,439,sports,,0
1854,444,sports,,0
4306,1362,SPSS,,0
295,114,SQL,,0
354,130,sql,,0
579,160,SQL,,0
714,184,sql,,0
772,207,SQL,,0
857,216,SQL,,0
898,229,SQL,,0
1009,274,SQL,,0
1127,310,sql,,0
1352,332,SQL,,0
1448,343,SQL,,0
1564,382,sql,,0
1585,387,SQL,,0
1604,397,SQL,,0
1872,425,sql,,0
2052,187,SQL,,0
2116,375,SQL,,0
2851,721,SQL,,0
3013,995,SQL,,0
3624,1170,SQL,1170,0
3906,1247,SQL,1247,0
4149,1303,SQL,,0
4267,1348,SQL,,0
4282,1356,SQL,3,0
4293,1355,Sql,3,0
3812,1192,"SQL (MySQL, SQL Server, ..)",4,0
2843,720,SQl / Toad for Oracle / SQL Developer,,0
1891,462,sql server,,0
2257,526,sql server,,0
2276,534,sql server,,0
2521,596,sql server,,0
2831,719,sql server,,0
3747,1226,sql server,,0
4248,1341,SQL Server,3,0
780,209,STAAD .Pro,,0
3229,1096,standup comedy,,0
3235,1096,standup comedy,,0
343,127,Startup Mentoring,,0
345,129,Startups,,0
587,148,Startups,,0
3074,78,Startups,78,0
3717,1219,Startups,,0
4303,1362,Statistical Programming Using SAS,,0
3308,1109,Statutory Compliance,1109,0
3771,1228,Strategic Planning,2,0
740,193,Strategic selection of suppliers,,0
4058,1287,Strategic thinking ,,0
518,150,Strategy,,0
745,186,Strategy,,0
1798,444,Strategy,,0
2349,553,Strategy,,0
2660,646,Strategy,,0
2677,655,Strategy,,0
3073,78,Strategy,78,0
3549,1155,Strategy,1155,0
2369,556,Strategy Building skills as PR person.,,0
3716,1219,Strategy Planning,,0
4156,1306,Strategy Planning,4,0
2121,367,STRESS MANAGEMENT,,0
3670,1183,STRESS MANAGEMENT,,0
4308,1362,Strong Interpersonal And Multitasking Skills.,5,0
881,193,"Supplier Evaluation & Audits based on cost, quality as well as delivery PPM.",,0
2227,517,Sustainable Design,,0
3528,1149,Swift,4,0
3652,1182,Swift,1182,0
1243,316,tag manager,,0
489,146,Talent Acquisition,,0
2202,510,Talent Acquisition,,0
2204,510,Talent Branding,,0
2300,545,Talent Branding,,0
490,146,Talent Management,,0
588,162,Talent Management,,0
2301,545,Talent Strategy,,0
3921,1255,Tally,3,0
323,122,Tally-9 ERP,,0
583,148,Tally-9 ERP,,0
2615,624,Tally-9 ERP,,0
3601,1165,Tally-9 ERP,,0
3604,1166,Tally-9 ERP,,0
3856,1235,Tally-9 ERP,1235,0
3916,1254,Tally-9 ERP,,0
3993,1272,Tally-9 ERP,5,0
4141,1301,Tally-9 ERP,,0
2458,570,tareas administrativas,,0
1249,316,teacher,,0
2777,695,teacher,,0
2031,498,teacher ,,0
2375,498,teacher ,,0
478,144,teaching,,0
484,145,teaching,,0
535,153,Teaching,,0
1114,306,teaching,,0
2182,509,teaching,,0
2373,557,teaching,,0
2638,636,teaching,,0
2688,657,teaching,,0
2737,680,teaching,,0
2756,686,teaching,,0
2765,689,teaching,,0
2770,691,teaching,,0
2773,693,teaching,,0
2786,700,teaching,,0
2794,704,teaching,,0
2982,990,teaching,,0
3393,1124,teaching,3,0
3664,1183,teaching,,0
4072,1292,Teaching,3,0
4167,1308,teaching,,0
3027,992,Teaching ,992,0
3581,1160,team building,1160,0
3969,1270,team building,,0
3976,1270,Team Building,3,0
4108,1296,Team Lead,3,0
1472,350,Team Leadership,,0
1969,468,Team Leadership,,0
3588,1160,Team Leadership,1160,0
3646,1173,Team Leadership,,0
848,200,Team player,,0
1373,335,Team player,,0
1959,467,Team player,,0
1965,468,Team player,,0
2485,572,Team Player,,0
2824,717,Team player,,0
3612,1167,Team Player,,0
1471,350,Teamwork,,0
3663,1183,Teamwork,,0
536,153,Teamworker ,,0
1827,458,Teamworker ,,0
1960,467,Teamworker ,,0
1967,468,Teamworker ,,0
2388,317,Teamworker ,,0
2810,714,technical account management,,0
3051,1003,Technical analysis,1003,0
1259,318,Technical and Content Writing in English,,0
3363,1118,Technical Skills ,,0
868,219,Technical support,,0
2557,605,technology,,0
2558,605,technology,,0
3375,1121,technology,,0
751,194,telecalling,,0
752,195,telecalling,,0
840,211,Tele-calling ,,0
1335,326,Tele-calling ,,0
1360,334,test,,0
841,208,testing,,0
1537,376,testing,,0
2172,509,testing,,0
2399,563,testing,,0
2516,596,testing,,0
2775,694,testing,,0
2779,696,testing,,0
3124,1035,testing,,0
3155,1061,testing,,0
3615,1168,testing,,0
3997,1273,testing,,0
4295,1355,Testing,4,0
1881,453,Testing Games,,0
3998,1273,Testing Games,,0
4163,1306,Thirdlight,5,0
3154,976,Three,1,0
4311,1362,Thrive In Fast-paced Environment,5,0
1507,367,TIME MANAGEMENT,,0
1671,417,Time Management,,0
3383,1121,Time Management,4,0
3977,1270,Time Management,1,0
2475,570,tolerancia al trabajo bajo presión,,0
2022,497,Too many skills,,0
613,170,trabajo en equipo ,,0
2212,513,trabajo en equipo ,,0
2462,570,trabajo en equipo ,,0
4018,1284,Trabalho em equipe e individual em laboratório com pesquisas na área de  entomologia,,0
1410,336,Trainer Behaviourial Skills,,0
477,144,Training,,0
485,145,Training,,0
3020,998,Training,,0
3075,78,Training,78,0
3711,1217,training and coaching,1217,0
3309,1109,training and development,1109,0
3629,1170,Transcriptomics-microarray,1170,0
179,81,Translator,,0
479,144,Translator,,0
2614,624,Translator,,0
4119,1297,Trx trainer,,0
3061,976,Two,1,0
1956,486,Typing Speed of 55 WPM,,0
2958,975,uhsjhjsdn,,0
3281,1004,UI Design,4,0
909,239,UML,,0
1125,310,unix,,0
2331,551,unix,,0
2515,593,unix,,0
2522,596,unix,,0
2844,720,Unix,,0
2224,517,Urban Design,,0
431,139,Urdu,,0
2378,558,Usabilidad,,0
1358,333,usability,,0
910,239,use cases,,0
3064,1004,User Experience / UX,,0
3251,1099,User Interface / UI,1099,0
1359,333,ux,,0
657,172,valuation reports,,0
553,155,Vendor and client negotiation ,,0
870,220,vfx artist,,0
873,221,vfx artist,,0
3199,1083,Video editing,,0
3843,1234,video making ,,0
3847,1234,Video Making ,3,0
1999,478,Video Production,,0
2374,557,Video Production,,0
3239,1096,videography,,0
519,150,Visión negocio,,0
3710,1216,"Visual C# , Visual Basic, MATLAB",1,0
3829,1233,Visual Studio,4,18
2681,655,visualization,,0
3806,1192,Vuejs,4,0
3815,1233,Vuejs,5,13
813,171,Web Analytics,,0
1082,294,Web Analytics,,0
2684,655,Web Analytics,,0
398,57,Web Design,,0
703,182,Web Design,,0
1055,288,Web Design,,0
1081,294,Web Design,,0
1305,321,Web Design,,0
1522,371,Web Design,,0
3194,1082,Web Design,,0
3209,1088,Web Design,,0
2950,973,web designer,,0
1690,390,Web designing,,0
2110,389,Web designing,,0
2872,726,web development,,0
3344,1114,web development,1114,0
3356,1117,Web development,,0
3695,1204,Web Development,5,0
1724,378,WEB PROGRAMMING,,0
2183,509,WEB PROGRAMMING,,0
1425,56,web services,,0
3929,1256,web technologies,,0
3808,1192,Webpack Builder,3,0
3839,1233,Webpack Builder,4,24
336,127,Website Development,,0
1056,288,Website Development,,0
1080,294,Website Development,,0
2888,910,Website Development,,0
4188,1322,Website Development,,0
814,171,Wily Introscope,,0
2817,715,Windows 7,,0
2478,572,"Windows 7,8 & 10",,0
2200,502,Word,,0
3964,1269,Word,,0
3984,1271,Word,,0
282,112,wordpress,,0
395,57,WordPress,,0
467,141,wordpress,,0
469,142,wordpress,,0
571,158,Wordpress,,0
664,174,wordpress,,0
691,179,wordpress,,0
704,182,Wordpress,,0
712,184,wordpress,,0
859,216,wordpress,,0
1089,295,wordpress,,0
1875,425,Wordpress,,0
2093,508,wordpress,,0
2752,685,wordpress,,0
2928,951,wordpress,,0
3279,1004,WORDPRESS,3,0
3616,1169,wordpress,,0
3723,1220,wordpress,,0
3749,1226,wordpress,,0
3810,1192,Wordpress,4,0
3811,1233,Wordpress,3,11
3886,1240,Wordpress,4,0
3941,1262,wordpress,,0
4271,1353,wordpress,,0
3889,1240,WP Rest API V2,3,0
4001,1275,Wqqwqw,3,0
488,145,writing,,0
516,150,writing,,0
1272,319,writing,,0
1340,328,writing,,0
1826,458,writing,,0
1874,425,Writing,,0
1930,484,writing,,0
2731,677,writing,,0
2738,681,writing,,0
2933,955,writing,,0
3672,1183,writing,,0
534,153,Writing ,,0
3712,1217,writing and public speaking,1217,0
3025,992,Written and Oral advocacy,992,0
2930,954,wwww,,0
1320,315,xdcfsdfaf,,0
392,57,XHTML,,0
669,174,XHTML,,0
3095,1017,XHTML,,0
288,112,XML,,0
2184,509,XML,,0
3337,1113,XML,1113,0
3438,1132,XML,3,0
877,193,Zero Base component costing,,0
2219,516,zurb-foundatin,,0
